日期,股票代码,名称,收盘价,最高价,最低价
2020-11-10,'000905,中证500,6373.0853,6435.413,6339.2861
2020-11-09,'000905,中证500,6421.6506,6452.9139,6337.4415
2020-11-06,'000905,中证500,6301.2477,6366.1854,6254.0869
2020-11-05,'000905,中证500,6351.9789,6358.4445,6273.3148
2020-11-04,'000905,中证500,6234.158,6256.0695,6181.0972
2020-11-03,'000905,中证500,6241.7676,6245.5576,6155.7346
2020-11-02,'000905,中证500,6143.1157,6162.2763,6095.8038
2020-10-30,'000905,中证500,6111.4803,6274.6162,6103.8909
2020-10-29,'000905,中证500,6255.1933,6287.6478,6159.1435
2020-10-28,'000905,中证500,6245.9986,6254.716,6164.2406
2020-10-27,'000905,中证500,6221.3414,6227.8424,6168.971
2020-10-26,'000905,中证500,6214.3779,6239.7156,6127.3829
2020-10-23,'000905,中证500,6213.2626,6362.4283,6202.5347
2020-10-22,'000905,中证500,6317.1438,6334.5424,6256.2324
2020-10-21,'000905,中证500,6350.0127,6426.5095,6323.4406
2020-10-20,'000905,中证500,6423.1128,6423.1573,6324.3889
2020-10-19,'000905,中证500,6358.3213,6483.5079,6346.2632
2020-10-16,'000905,中证500,6428.6822,6473.6343,6388.6459
2020-10-15,'000905,中证500,6460.0408,6518.5503,6456.7714
2020-10-14,'000905,中证500,6508.3743,6547.8376,6492.6581
2020-10-13,'000905,中证500,6551.3987,6557.8635,6486.3088
2020-10-12,'000905,中证500,6541.176,6541.3102,6399.6833
2020-10-09,'000905,中证500,6357.9711,6373.9367,6290.4705
2020-09-30,'000905,中证500,6192.5045,6260.1234,6155.0208
2020-09-29,'000905,中证500,6228.7708,6280.4433,6179.8807
2020-09-28,'000905,中证500,6178.4693,6261.9304,6171.02
2020-09-25,'000905,中证500,6236.8904,6285.4717,6206.1823
2020-09-24,'000905,中证500,6244.6389,6354.6827,6243.282
2020-09-23,'000905,中证500,6392.0329,6411.2048,6356.1636
2020-09-22,'000905,中证500,6358.652,6462.9751,6341.4838
2020-09-21,'000905,中证500,6445.9649,6515.337,6434.3239
2020-09-18,'000905,中证500,6469.4692,6473.5997,6353.5609
2020-09-17,'000905,中证500,6367.0206,6416.0088,6291.6343
2020-09-16,'000905,中证500,6353.836,6387.7666,6321.5668
2020-09-15,'000905,中证500,6387.8805,6388.1304,6328.5366
2020-09-14,'000905,中证500,6351.2422,6381.182,6297.9023
2020-09-11,'000905,中证500,6311.967,6319.6691,6209.7881
2020-09-10,'000905,中证500,6235.5687,6414.9623,6219.6361
2020-09-09,'000905,中证500,6349.2234,6471.4824,6319.2713
2020-09-08,'000905,中证500,6525.098,6542.9954,6432.952
2020-09-07,'000905,中证500,6478.8124,6669.3935,6459.1029
2020-09-04,'000905,中证500,6618.5762,6631.0289,6538.4896
2020-09-03,'000905,中证500,6662.2515,6732.6741,6638.4482
2020-09-02,'000905,中证500,6717.5579,6742.5527,6647.0341
2020-09-01,'000905,中证500,6710.4599,6710.4599,6637.6339
2020-08-31,'000905,中证500,6668.4331,6765.8853,6667.6792
2020-08-28,'000905,中证500,6691.2096,6695.3574,6553.9227
2020-08-27,'000905,中证500,6578.7912,6585.7193,6486.7508
2020-08-26,'000905,中证500,6525.8786,6660.7634,6501.2409
2020-08-25,'000905,中证500,6652.5478,6734.4378,6631.6853
2020-08-24,'000905,中证500,6688.9647,6702.7487,6589.9285
2020-08-21,'000905,中证500,6643.9444,6686.0233,6589.1968
2020-08-20,'000905,中证500,6593.785,6672.4908,6570.6949
2020-08-19,'000905,中证500,6666.274,6782.5931,6661.9879
2020-08-18,'000905,中证500,6789.3979,6811.5637,6737.5288
2020-08-17,'000905,中证500,6744.5468,6752.3176,6614.1849
2020-08-14,'000905,中证500,6623.5633,6629.5058,6506.0266
2020-08-13,'000905,中证500,6552.6567,6592.1163,6518.4229
2020-08-12,'000905,中证500,6528.3999,6599.6573,6395.006
2020-08-11,'000905,中证500,6600.8472,6756.8451,6594.9793
2020-08-10,'000905,中证500,6725.2956,6768.866,6651.7421
2020-08-07,'000905,中证500,6688.8822,6755.528,6578.6672
2020-08-06,'000905,中证500,6770.3016,6792.2759,6656.2782
2020-08-05,'000905,中证500,6772.8422,6790.008,6653.2772
2020-08-04,'000905,中证500,6697.7071,6764.9049,6672.894
2020-08-03,'000905,中证500,6739.8085,6739.8085,6614.4314
2020-07-31,'000905,中证500,6579.6696,6619.2616,6463.415
2020-07-30,'000905,中证500,6511.436,6564.775,6491.4492
2020-07-29,'000905,中证500,6530.2712,6530.2712,6324.0483
2020-07-28,'000905,中证500,6359.6637,6385.3908,6307.7891
2020-07-27,'000905,中证500,6298.7351,6337.3275,6229.4712
2020-07-24,'000905,中证500,6283.9831,6609.2877,6265.3789
2020-07-23,'000905,中证500,6620.0859,6629.2067,6431.2609
2020-07-22,'000905,中证500,6620.6893,6699.6871,6534.7427
2020-07-21,'000905,中证500,6563.3239,6591.0097,6500.8682
2020-07-20,'000905,中证500,6526.8325,6526.8325,6340.6495
2020-07-17,'000905,中证500,6344.5912,6447.5092,6272.9416
2020-07-16,'000905,中证500,6319.9981,6710.995,6305.133
2020-07-15,'000905,中证500,6638.8384,6838.1524,6598.5228
2020-07-14,'000905,中证500,6807.727,6897.0034,6672.7996
2020-07-13,'000905,中证500,6899.5175,6899.622,6710.6352
2020-07-10,'000905,中证500,6676.4373,6763.8121,6644.3586
2020-07-09,'000905,中证500,6693.7452,6712.1445,6530.0207
2020-07-08,'000905,中证500,6535.4151,6541.4382,6352.3731
2020-07-07,'000905,中证500,6380.0276,6480.0286,6300.2446
2020-07-06,'000905,中证500,6299.8551,6318.3081,6095.9561
2020-07-03,'000905,中证500,6051.5099,6052.523,5968.0663
2020-07-02,'000905,中证500,5975.2794,5979.9902,5858.5743
2020-07-01,'000905,中证500,5881.8875,5885.8738,5814.7554
2020-06-30,'000905,中证500,5864.4164,5875.3274,5788.2081
2020-06-29,'000905,中证500,5762.4378,5789.1592,5740.2558
2020-06-24,'000905,中证500,5789.0893,5824.3132,5773.2908
2020-06-23,'000905,中证500,5804.343,5809.2832,5755.3982
2020-06-22,'000905,中证500,5784.0269,5815.3942,5770.8094
2020-06-19,'000905,中证500,5787.1482,5796.3597,5727.6226
2020-06-18,'000905,中证500,5734.403,5744.4525,5705.295
2020-06-17,'000905,中证500,5735.4183,5735.4183,5685.6241
2020-06-16,'000905,中证500,5695.3007,5695.3007,5624.8549
2020-06-15,'000905,中证500,5590.6435,5661.9706,5590.6435
2020-06-12,'000905,中证500,5591.4871,5620.2062,5479.2713
2020-06-11,'000905,中证500,5589.1019,5673.3108,5567.538
2020-06-10,'000905,中证500,5615.2417,5616.6108,5581.9153
2020-06-09,'000905,中证500,5610.3774,5616.0363,5560.139
2020-06-08,'000905,中证500,5575.3036,5627.1893,5567.2087
2020-06-05,'000905,中证500,5585.4231,5592.3453,5542.8701
2020-06-04,'000905,中证500,5576.7535,5597.2621,5549.3577
2020-06-03,'000905,中证500,5572.3125,5618.2892,5567.0729
2020-06-02,'000905,中证500,5566.4438,5596.4399,5544.1862
2020-06-01,'000905,中证500,5569.48,5576.6538,5446.2912
2020-05-29,'000905,中证500,5406.3403,5416.6599,5336.0669
2020-05-28,'000905,中证500,5361.167,5390.1397,5290.2897
2020-05-27,'000905,中证500,5369.4992,5426.5558,5358.47
2020-05-26,'000905,中证500,5420.2126,5421.9045,5341.0821
2020-05-25,'000905,中证500,5316.6036,5344.2849,5293.2294
2020-05-22,'000905,中证500,5328.2268,5421.887,5307.2962
2020-05-21,'000905,中证500,5426.1745,5511.2324,5415.5986
2020-05-20,'000905,中证500,5489.7024,5547.1691,5473.7896
2020-05-19,'000905,中证500,5547.8759,5548.2181,5504.2327
2020-05-18,'000905,中证500,5478.8218,5528.7754,5454.9615
2020-05-15,'000905,中证500,5507.9336,5543.9334,5486.2557
2020-05-14,'000905,中证500,5487.107,5528.0915,5485.0152
2020-05-13,'000905,中证500,5536.2802,5546.5535,5483.9868
2020-05-12,'000905,中证500,5512.464,5519.2868,5441.7013
2020-05-11,'000905,中证500,5496.192,5547.9416,5466.6158
2020-05-08,'000905,中证500,5507.6965,5527.0903,5467.646
2020-05-07,'000905,中证500,5445.7519,5473.7738,5425.7964
2020-05-06,'000905,中证500,5451.3159,5451.456,5318.443
2020-04-30,'000905,中证500,5353.8595,5368.8943,5261.0467
2020-04-29,'000905,中证500,5226.8116,5269.735,5201.4734
2020-04-28,'000905,中证500,5227.846,5273.2565,5102.0608
2020-04-27,'000905,中证500,5265.7248,5314.4114,5249.3133
2020-04-24,'000905,中证500,5273.5474,5354.7629,5258.5692
2020-04-23,'000905,中证500,5357.7904,5407.49,5354.9401
2020-04-22,'000905,中证500,5387.6233,5388.2073,5296.2644
2020-04-21,'000905,中证500,5343.8806,5358.6005,5287.6633
2020-04-20,'000905,中证500,5381.7857,5381.7857,5311.1974
2020-04-17,'000905,中证500,5318.4547,5377.147,5309.5809
2020-04-16,'000905,中证500,5316.9707,5328.1204,5238.4335
2020-04-15,'000905,中证500,5268.7497,5320.5792,5264.0114
2020-04-14,'000905,中证500,5288.593,5288.593,5189.8242
2020-04-13,'000905,中证500,5169.1757,5198.3708,5140.8505
2020-04-10,'000905,中证500,5208.5102,5321.7865,5197.9841
2020-04-09,'000905,中证500,5322.4614,5336.1174,5289.3845
2020-04-08,'000905,中证500,5271.7961,5291.4149,5232.6161
2020-04-07,'000905,中证500,5267.073,5273.0857,5197.5826
2020-04-03,'000905,中证500,5107.0393,5161.5728,5085.0948
2020-04-02,'000905,中证500,5147.2019,5147.2019,4998.1063
2020-04-01,'000905,中证500,5019.2187,5108.175,5007.7115
2020-03-31,'000905,中证500,5041.4534,5090.5675,5030.573
2020-03-30,'000905,中证500,5027.4856,5074.6251,4974.3165
2020-03-27,'000905,中证500,5137.3371,5227.7921,5134.4903
2020-03-26,'000905,中证500,5166.1091,5227.4679,5157.1478
2020-03-25,'000905,中证500,5217.4237,5229.2205,5160.3887
2020-03-24,'000905,中证500,5096.0408,5118.0355,4963.2918
2020-03-23,'000905,中证500,4998.9095,5129.1405,4981.6682
2020-03-20,'000905,中证500,5219.2809,5225.0268,5129.0733
2020-03-19,'000905,中证500,5157.8235,5185.0889,5020.4387
2020-03-18,'000905,中证500,5119.4716,5333.1204,5119.4716
2020-03-17,'000905,中证500,5212.0619,5300.5591,5052.6546
2020-03-16,'000905,中证500,5200.1142,5496.889,5183.3436
2020-03-13,'000905,中证500,5457.2006,5507.3899,5224.7267
2020-03-12,'000905,中证500,5493.8838,5549.3501,5446.7941
2020-03-11,'000905,中证500,5589.5311,5708.9152,5589.5311
2020-03-10,'000905,中证500,5675.1113,5675.8756,5423.4289
2020-03-09,'000905,中证500,5525.8167,5699.9198,5525.8167
2020-03-06,'000905,中证500,5763.8602,5802.6293,5723.7326
2020-03-05,'000905,中证500,5801.1199,5811.2074,5732.168
2020-03-04,'000905,中证500,5716.5112,5719.1783,5603.9288
2020-03-03,'000905,中证500,5710.0235,5832.3531,5658.1205
2020-03-02,'000905,中证500,5656.4193,5683.2425,5505.2683
2020-02-28,'000905,中证500,5451.2897,5641.7724,5438.8521
2020-02-27,'000905,中证500,5753.7277,5829.0372,5689.539
2020-02-26,'000905,中证500,5743.3929,5885.2702,5724.499
2020-02-25,'000905,中证500,5897.7219,5912.2741,5643.8843
2020-02-24,'000905,中证500,5865.4665,5884.1397,5754.6794
2020-02-21,'000905,中证500,5784.0321,5822.3973,5700.9519
2020-02-20,'000905,中证500,5706.7127,5712.1825,5580.0672
2020-02-19,'000905,中证500,5603.2626,5678.8191,5601.3916
2020-02-18,'000905,中证500,5660.8142,5660.8142,5577.8981
2020-02-17,'000905,中证500,5594.4366,5594.4366,5454.4626
2020-02-14,'000905,中证500,5420.8025,5474.4682,5375.9258
2020-02-13,'000905,中证500,5412.8418,5482.7951,5397.2324
2020-02-12,'000905,中证500,5459.9461,5461.6736,5340.487
2020-02-11,'000905,中证500,5361.2768,5396.9558,5323.7602
2020-02-10,'000905,中证500,5388.4349,5389.0387,5301.4121
2020-02-07,'000905,中证500,5327.0369,5329.3558,5226.6999
2020-02-06,'000905,中证500,5282.8922,5299.178,5100.4818
2020-02-05,'000905,中证500,5123.9619,5178.4378,5026.4083
2020-02-04,'000905,中证500,4996.4743,5013.7695,4736.1227
2020-02-03,'000905,中证500,4910.9011,4960.7456,4896.8945
2020-01-23,'000905,中证500,5377.7411,5558.4257,5326.9315
2020-01-22,'000905,中证500,5575.5126,5597.9935,5440.1998
2020-01-21,'000905,中证500,5523.9419,5581.98,5515.1928
2020-01-20,'000905,中证500,5587.5359,5587.5359,5500.5937
2020-01-17,'000905,中证500,5510.0453,5555.4119,5499.4674
2020-01-16,'000905,中证500,5527.6676,5559.0175,5514.6912
2020-01-15,'000905,中证500,5530.0266,5545.1012,5492.6508
2020-01-14,'000905,中证500,5542.3316,5583.7202,5539.8997
2020-01-13,'000905,中证500,5559.6272,5559.6272,5447.7315
2020-01-10,'000905,中证500,5480.2279,5516.0948,5455.2516
2020-01-09,'000905,中证500,5497.5429,5497.5429,5457.3498
2020-01-08,'000905,中证500,5423.7966,5500.1601,5409.569
2020-01-07,'000905,中证500,5499.8395,5499.8395,5440.6916
2020-01-06,'000905,中证500,5434.8503,5481.55,5355.0237
2020-01-03,'000905,中证500,5380.6372,5395.2585,5351.8049
2020-01-02,'000905,中证500,5366.1375,5374.9082,5288.1675
2019-12-31,'000905,中证500,5267.6622,5269.8736,5228.1726
2019-12-30,'000905,中证500,5241.9383,5242.1238,5119.8558
2019-12-27,'000905,中证500,5179.1929,5252.7878,5175.852
2019-12-26,'000905,中证500,5219.1404,5219.1404,5171.4403
2019-12-25,'000905,中证500,5183.0986,5195.8663,5153.5138
2019-12-24,'000905,中证500,5162.0702,5165.1561,5092.9061
2019-12-23,'000905,中证500,5084.3505,5188.85,5079.4417
2019-12-20,'000905,中证500,5184.6752,5258.0056,5182.0632
2019-12-19,'000905,中证500,5241.7376,5255.1689,5215.884
2019-12-18,'000905,中证500,5235.1248,5267.4061,5221.698
2019-12-17,'000905,中证500,5236.0624,5257.8279,5161.1524
2019-12-16,'000905,中证500,5166.0391,5166.0391,5081.9093
2019-12-13,'000905,中证500,5073.6858,5082.7599,5029.8833
2019-12-12,'000905,中证500,5012.0011,5044.1972,5008.3676
2019-12-11,'000905,中证500,5027.2784,5052.3501,5007.5596
2019-12-10,'000905,中证500,5049.0514,5054.3122,4998.1479
2019-12-09,'000905,中证500,5024.604,5040.2408,5005.8413
2019-12-06,'000905,中证500,5010.5104,5010.513,4954.7856
2019-12-05,'000905,中证500,4967.6021,4978.9896,4923.1116
2019-12-04,'000905,中证500,4920.6682,4935.5695,4901.0364
2019-12-03,'000905,中证500,4926.4548,4926.4548,4863.662
2019-12-02,'000905,中证500,4905.4209,4930.5853,4889.319
2019-11-29,'000905,中证500,4894.9416,4909.411,4850.5879
2019-11-28,'000905,中证500,4889.2595,4916.8046,4878.0072
2019-11-27,'000905,中证500,4904.2568,4935.6277,4872.3024
2019-11-26,'000905,中证500,4882.1624,4920.6768,4882.1624
2019-11-25,'000905,中证500,4901.5021,4915.3452,4853.8425
2019-11-22,'000905,中证500,4904.0828,5018.0642,4876.8117
2019-11-21,'000905,中证500,4945.7188,4963.0886,4919.5937
2019-11-20,'000905,中证500,4946.2757,4991.6959,4941.9109
2019-11-19,'000905,中证500,4975.1128,4975.1128,4890.7563
2019-11-18,'000905,中证500,4892.4609,4901.001,4851.39
2019-11-15,'000905,中证500,4868.4367,4936.9848,4868.4367
2019-11-14,'000905,中证500,4912.1075,4925.4416,4871.5569
2019-11-13,'000905,中证500,4875.543,4888.1914,4853.5946
2019-11-12,'000905,中证500,4881.6144,4887.2957,4823.4288
2019-11-11,'000905,中证500,4876.1594,4961.1943,4868.4348
2019-11-08,'000905,中证500,4988.2938,5051.5643,4985.9488
2019-11-07,'000905,中证500,5007.0666,5020.2236,4960.8385
2019-11-06,'000905,中证500,4974.7343,5027.7894,4955.8258
2019-11-05,'000905,中证500,5025.3029,5041.2355,4972.7168
2019-11-04,'000905,中证500,4987.8364,5016.9371,4974.3632
2019-11-01,'000905,中证500,4962.3495,4967.0484,4896.0073
2019-10-31,'000905,中证500,4917.4174,4967.7453,4911.3756
2019-10-30,'000905,中证500,4947.8954,4984.4037,4938.1025
2019-10-29,'000905,中证500,5007.7126,5080.9295,5007.7126
2019-10-28,'000905,中证500,5084.4677,5084.6884,5026.064
2019-10-25,'000905,中证500,4994.5684,5001.5089,4922.0836
2019-10-24,'000905,中证500,4958.2465,4972.7625,4921.1123
2019-10-23,'000905,中证500,4967.1949,5009.9404,4955.0555
2019-10-22,'000905,中证500,5005.5525,5011.0127,4954.1075
2019-10-21,'000905,中证500,4951.0354,4957.2357,4906.3624
2019-10-18,'000905,中证500,4961.8072,5056.5575,4953.1478
2019-10-17,'000905,中证500,5029.854,5049.3606,5017.4677
2019-10-16,'000905,中证500,5038.356,5086.9729,5036.5028
2019-10-15,'000905,中证500,5061.0029,5115.2478,5057.2839
2019-10-14,'000905,中证500,5131.1312,5151.6944,5089.3126
2019-10-11,'000905,中证500,5055.5165,5074.9035,5012.3843
2019-10-10,'000905,中证500,5046.3594,5049.2193,4979.1948
2019-10-09,'000905,中证500,4982.9535,4985.4405,4904.3222
2019-10-08,'000905,中证500,4941.7607,4994.4433,4937.0284
2019-09-30,'000905,中证500,4940.903,5022.4285,4940.903
2019-09-27,'000905,中证500,5005.6299,5033.185,4974.0324
2019-09-26,'000905,中证500,4970.2403,5108.8037,4970.2403
2019-09-25,'000905,中证500,5087.0091,5162.1513,5087.0091
2019-09-24,'000905,中证500,5180.7418,5237.4102,5159.3315
2019-09-23,'000905,中证500,5171.484,5192.8838,5124.7981
2019-09-20,'000905,中证500,5204.4848,5220.2351,5180.0778
2019-09-19,'000905,中证500,5191.6687,5191.6687,5126.1532
2019-09-18,'000905,中证500,5141.0381,5163.8104,5119.6137
2019-09-17,'000905,中证500,5140.4502,5237.5592,5118.2077
2019-09-16,'000905,中证500,5250.3398,5279.5896,5228.29
2019-09-12,'000905,中证500,5242.6115,5255.7851,5197.5696
2019-09-11,'000905,中证500,5217.2913,5273.9678,5206.9728
2019-09-10,'000905,中证500,5245.305,5264.3276,5212.5251
2019-09-09,'000905,中证500,5263.4594,5263.4594,5171.8514
2019-09-06,'000905,中证500,5154.6378,5167.4828,5111.7349
2019-09-05,'000905,中证500,5138.4051,5208.9999,5119.4281
2019-09-04,'000905,中证500,5093.2662,5093.2662,5027.6672
2019-09-03,'000905,中证500,5044.1805,5044.1805,4999.8872
2019-09-02,'000905,中证500,5008.2958,5020.2648,4890.2253
2019-08-30,'000905,中证500,4886.494,4975.9723,4862.5821
2019-08-29,'000905,中证500,4934.1838,4954.9574,4912.22
2019-08-28,'000905,中证500,4928.1935,4948.0177,4910.6033
2019-08-27,'000905,中证500,4936.1238,4976.5805,4878.2891
2019-08-26,'000905,中证500,4855.4584,4867.3032,4793.8441
2019-08-23,'000905,中证500,4887.9024,4902.7831,4861.2002
2019-08-22,'000905,中证500,4887.9142,4896.5752,4851.9692
2019-08-21,'000905,中证500,4882.7213,4896.2914,4859.328
2019-08-20,'000905,中证500,4872.6061,4912.9917,4864.8159
2019-08-19,'000905,中证500,4875.0363,4875.0363,4765.0581
2019-08-16,'000905,中证500,4722.6625,4755.9526,4696.9213
2019-08-15,'000905,中证500,4706.5504,4709.363,4576.4614
2019-08-14,'000905,中证500,4683.8403,4731.8627,4677.1302
2019-08-13,'000905,中证500,4658.3884,4667.715,4638.0294
2019-08-12,'000905,中证500,4685.045,4685.045,4591.6615
2019-08-09,'000905,中证500,4600.3526,4690.654,4593.2238
2019-08-08,'000905,中证500,4656.1009,4663.032,4636.2385
2019-08-07,'000905,中证500,4626.3641,4686.7321,4624.7423
2019-08-06,'000905,中证500,4650.5627,4684.5159,4558.0604
2019-08-05,'000905,中证500,4751.9846,4838.7588,4749.9444
2019-08-02,'000905,中证500,4809.9198,4816.8104,4756.4044
2019-08-01,'000905,中证500,4870.469,4900.0866,4850.5281
2019-07-31,'000905,中证500,4903.203,4921.7224,4892.5557
2019-07-30,'000905,中证500,4922.9175,4961.0247,4902.7813
2019-07-29,'000905,中证500,4897.0183,4914.48,4872.545
2019-07-26,'000905,中证500,4898.1099,4902.0916,4868.197
2019-07-25,'000905,中证500,4891.6432,4899.715,4861.7715
2019-07-24,'000905,中证500,4873.0271,4898.8054,4837.7669
2019-07-23,'000905,中证500,4823.9182,4823.9182,4778.0529
2019-07-22,'000905,中证500,4776.5749,4886.402,4766.0716
2019-07-19,'000905,中证500,4878.6903,4920.4135,4861.2031
2019-07-18,'000905,中证500,4844.1087,4909.7172,4843.5134
2019-07-17,'000905,中证500,4929.085,4953.4093,4914.4924
2019-07-16,'000905,中证500,4932.0458,4940.2313,4909.6633
2019-07-15,'000905,中证500,4925.3243,4951.6237,4787.9062
2019-07-12,'000905,中证500,4861.5679,4874.3204,4820.6635
2019-07-11,'000905,中证500,4844.5474,4905.1604,4821.5516
2019-07-10,'000905,中证500,4843.8649,4896.0413,4829.2848
2019-07-09,'000905,中证500,4881.6235,4892.5583,4838.9366
2019-07-08,'000905,中证500,4870.7807,5028.6349,4855.2148
2019-07-05,'000905,中证500,5042.6599,5055.0145,5001.5234
2019-07-04,'000905,中证500,5025.0207,5067.997,5002.3322
2019-07-03,'000905,中证500,5040.7227,5074.7097,5021.8958
2019-07-02,'000905,中证500,5084.41,5102.4091,5066.2507
2019-07-01,'000905,中证500,5100.2619,5100.2619,5016.2363
2019-06-28,'000905,中证500,4950.4798,5005.1921,4920.4349
2019-06-27,'000905,中证500,5007.4833,5030.3718,4972.6702
2019-06-26,'000905,中证500,4962.5936,4991.1275,4928.733
2019-06-25,'000905,中证500,4974.9882,5020.2009,4910.1971
2019-06-24,'000905,中证500,5024.2046,5038.4798,4996.1699
2019-06-21,'000905,中证500,5021.3051,5045.7149,4973.5853
2019-06-20,'000905,中证500,4954.7338,4987.5951,4837.1763
2019-06-19,'000905,中证500,4858.9164,4931.1098,4856.9033
2019-06-18,'000905,中证500,4797.1468,4825.6252,4773.5495
2019-06-17,'000905,中证500,4802.8185,4826.5959,4779.6429
2019-06-14,'000905,中证500,4795.5267,4893.9284,4786.195
2019-06-13,'000905,中证500,4877.6505,4892.5811,4831.5194
2019-06-12,'000905,中证500,4863.4922,4917.0919,4852.9834
2019-06-11,'000905,中证500,4901.4723,4903.8673,4728.4832
2019-06-10,'000905,中证500,4725.2643,4750.5423,4662.7808
2019-06-06,'000905,中证500,4678.7844,4776.6879,4668.5413
2019-06-05,'000905,中证500,4783.8245,4850.8038,4777.9781
2019-06-04,'000905,中证500,4795.4129,4853.8105,4768.0393
2019-06-03,'000905,中证500,4853.8153,4942.0652,4838.3523
2019-05-31,'000905,中证500,4912.0005,4969.0513,4902.7379
2019-05-30,'000905,中证500,4926.403,4933.8544,4865.7753
2019-05-29,'000905,中证500,4956.8638,4992.9887,4930.4307
2019-05-28,'000905,中证500,4955.4855,5002.2491,4933.8967
2019-05-27,'000905,中证500,4962.947,4974.2676,4824.142
2019-05-24,'000905,中证500,4841.7573,4892.4587,4831.3352
2019-05-23,'000905,中证500,4872.9202,4957.9863,4860.1881
2019-05-22,'000905,中证500,4976.3929,5018.1092,4941.0098
2019-05-21,'000905,中证500,5009.8725,5026.2842,4904.8232
2019-05-20,'000905,中证500,4923.5589,4947.7455,4835.8087
2019-05-17,'000905,中证500,4942.5792,5116.9934,4923.6727
2019-05-16,'000905,中证500,5108.3588,5118.4448,5059.2068
2019-05-15,'000905,中证500,5076.555,5086.7298,4999.3368
2019-05-14,'000905,中证500,4965.6124,5018.4131,4941.9271
2019-05-13,'000905,中证500,5005.9044,5040.5037,4985.1882
2019-05-10,'000905,中证500,5064.323,5064.323,4842.6072
2019-05-09,'000905,中证500,4888.4128,4955.7835,4879.6945
2019-05-08,'000905,中证500,4947.7419,5028.526,4842.5603
2019-05-07,'000905,中证500,4973.4043,4990.1939,4886.0568
2019-05-06,'000905,中证500,4908.7984,5125.1616,4874.6433
2019-04-30,'000905,中证500,5307.56,5349.9438,5244.0447
2019-04-29,'000905,中证500,5265.6011,5421.6568,5252.0486
2019-04-26,'000905,中证500,5408.0306,5496.0353,5407.1942
2019-04-25,'000905,中证500,5458.4194,5662.7898,5457.8254
2019-04-24,'000905,中证500,5679.7256,5682.4788,5568.408
2019-04-23,'000905,中证500,5628.0624,5710.7334,5610.7353
2019-04-22,'000905,中证500,5723.0417,5824.5207,5704.9769
2019-04-19,'000905,中证500,5810.1798,5810.1798,5710.7953
2019-04-18,'000905,中证500,5775.171,5826.6736,5762.5678
2019-04-17,'000905,中证500,5807.7288,5840.6249,5757.9952
2019-04-16,'000905,中证500,5777.0111,5777.0111,5583.6142
2019-04-15,'000905,中证500,5655.9825,5815.3916,5654.3441
2019-04-12,'000905,中证500,5714.3676,5749.3368,5673.7447
2019-04-11,'000905,中证500,5727.1749,5866.9221,5720.5516
2019-04-10,'000905,中证500,5850.7609,5906.4273,5782.3689
2019-04-09,'000905,中证500,5858.0464,5877.84,5798.3736
2019-04-08,'000905,中证500,5847.6296,5939.4979,5765.9069
2019-04-04,'000905,中证500,5871.5575,5894.9882,5813.4624
2019-04-03,'000905,中证500,5836.0369,5843.468,5724.1257
2019-04-02,'000905,中证500,5775.5497,5833.0223,5750.3296
2019-04-01,'000905,中证500,5757.8379,5763.5806,5591.6651
2019-03-29,'000905,中证500,5547.6561,5550.7601,5346.2139
2019-03-28,'000905,中证500,5370.1234,5487.7654,5370.1234
2019-03-27,'000905,中证500,5447.8795,5447.8795,5333.7848
2019-03-26,'000905,中证500,5394.8787,5589.4127,5380.8535
2019-03-25,'000905,中证500,5549.6711,5629.2277,5507.3576
2019-03-22,'000905,中证500,5622.1402,5625.095,5505.8058
2019-03-21,'000905,中证500,5589.478,5634.6618,5513.392
2019-03-20,'000905,中证500,5515.7856,5533.0525,5415.7549
2019-03-19,'000905,中证500,5522.1801,5555.1227,5486.7986
2019-03-18,'000905,中证500,5501.183,5501.183,5333.2557
2019-03-15,'000905,中证500,5359.0087,5418.3293,5308.0621
2019-03-14,'000905,中证500,5298.5024,5432.5207,5236.7529
2019-03-13,'000905,中证500,5424.8642,5557.1556,5388.2464
2019-03-12,'000905,中证500,5551.0029,5591.6863,5458.7596
2019-03-11,'000905,中证500,5456.381,5456.4199,5272.1903
2019-03-08,'000905,中证500,5245.6999,5480.1728,5245.5313
2019-03-07,'000905,中证500,5458.6153,5512.6438,5353.5735
2019-03-06,'000905,中证500,5390.0294,5395.554,5256.7934
2019-03-05,'000905,中证500,5295.2878,5295.2878,5125.154
2019-03-04,'000905,中证500,5158.2467,5253.388,5108.2823
2019-03-01,'000905,中证500,5067.225,5067.3068,4984.993
2019-02-28,'000905,中证500,5025.2913,5072.6687,4994.0501
2019-02-27,'000905,中证500,5017.8842,5093.7952,4964.623
2019-02-26,'000905,中证500,5038.5435,5149.6229,5004.552
2019-02-25,'000905,中证500,5044.3466,5045.0755,4835.4825
2019-02-22,'000905,中证500,4777.2977,4777.2977,4649.2158
2019-02-21,'000905,中证500,4659.1431,4750.418,4643.1096
2019-02-20,'000905,中证500,4667.6243,4677.9779,4619.46
2019-02-19,'000905,中证500,4667.2836,4706.5253,4614.2779
2019-02-18,'000905,中证500,4660.999,4660.999,4527.9685
2019-02-15,'000905,中证500,4502.7348,4544.3864,4497.3858
2019-02-14,'000905,中证500,4532.1699,4555.2331,4494.5521
2019-02-13,'000905,中证500,4512.4088,4526.2699,4433.0271
2019-02-12,'000905,中证500,4439.485,4452.5007,4394.8339
2019-02-11,'000905,中证500,4402.8668,4403.7282,4306.2006
2019-02-01,'000905,中证500,4294.2696,4295.0379,4189.1098
2019-01-31,'000905,中证500,4176.4739,4240.7162,4151.414
2019-01-30,'000905,中证500,4211.6235,4266.8811,4211.1908
2019-01-29,'000905,中证500,4254.2875,4301.4692,4188.594
2019-01-28,'000905,中证500,4307.2196,4370.898,4297.9632
2019-01-25,'000905,中证500,4318.4417,4359.4637,4315.9525
2019-01-24,'000905,中证500,4338.17,4363.2181,4292.8296
2019-01-23,'000905,中证500,4315.6846,4322.8895,4292.0872
2019-01-22,'000905,中证500,4308.2518,4370.8568,4291.9624
2019-01-21,'000905,中证500,4373.6333,4395.0631,4352.8102
2019-01-18,'000905,中证500,4347.8112,4351.4382,4297.4773
2019-01-17,'000905,中证500,4303.7308,4347.1786,4297.6681
2019-01-16,'000905,中证500,4336.8779,4364.0963,4330.7437
2019-01-15,'000905,中证500,4347.3555,4350.9338,4271.6362
2019-01-14,'000905,中证500,4286.5474,4325.9474,4278.761
2019-01-11,'000905,中证500,4314.8757,4316.5413,4267.2889
2019-01-10,'000905,中证500,4281.8606,4319.4941,4274.1955
2019-01-09,'000905,中证500,4288.7717,4354.1986,4280.6556
2019-01-08,'000905,中证500,4277.2967,4289.6278,4264.6001
2019-01-07,'000905,中证500,4288.3234,4297.0238,4223.4585
2019-01-04,'000905,中证500,4210.8786,4210.8786,4071.6898
2019-01-03,'000905,中证500,4112.807,4182.1983,4110.527
2019-01-02,'000905,中证500,4131.9567,4179.7233,4125.9356
2018-12-28,'000905,中证500,4168.0363,4192.6955,4138.9346
2018-12-27,'000905,中证500,4161.2702,4272.8081,4159.7661
2018-12-26,'000905,中证500,4208.4053,4241.3508,4194.305
2018-12-25,'000905,中证500,4225.5124,4244.9521,4132.7639
2018-12-24,'000905,中证500,4274.7218,4276.9745,4215.0226
2018-12-21,'000905,中证500,4231.144,4260.289,4204.486
2018-12-20,'000905,中证500,4259.7614,4274.0116,4225.1345
2018-12-19,'000905,中证500,4247.8991,4315.1081,4245.1504
2018-12-18,'000905,中证500,4307.2675,4339.4043,4266.4517
2018-12-17,'000905,中证500,4330.6465,4341.2033,4285.2144
2018-12-14,'000905,中证500,4337.1025,4439.0458,4331.3785
2018-12-13,'000905,中证500,4443.1572,4471.2565,4378.4604
2018-12-12,'000905,中证500,4393.324,4417.6041,4381.3236
2018-12-11,'000905,中证500,4395.5702,4398.063,4365.1182
2018-12-10,'000905,中证500,4359.3122,4396.4047,4350.2267
2018-12-07,'000905,中证500,4410.9593,4432.3298,4397.4243
2018-12-06,'000905,中证500,4411.0884,4483.3157,4405.8361
2018-12-05,'000905,中证500,4502.7021,4532.2794,4445.9731
2018-12-04,'000905,中证500,4536.2104,4538.423,4492.0568
2018-12-03,'000905,中证500,4515.1735,4536.8317,4460.3878
2018-11-30,'000905,中证500,4376.6511,4385.0031,4291.8111
2018-11-29,'000905,中证500,4345.703,4473.3074,4344.9003
2018-11-28,'000905,中证500,4441.8569,4441.8569,4333.0553
2018-11-27,'000905,中证500,4387.6515,4416.357,4361.0232
2018-11-26,'000905,中证500,4367.4619,4408.1135,4347.7472
2018-11-23,'000905,中证500,4374.7644,4547.5147,4365.3486
2018-11-22,'000905,中证500,4551.3264,4583.3734,4528.2409
2018-11-21,'000905,中证500,4554.6747,4564.5342,4476.4164
2018-11-20,'000905,中证500,4537.4493,4645.9,4535.8739
2018-11-19,'000905,中证500,4670.737,4677.9674,4612.4837
2018-11-16,'000905,中证500,4659.0965,4691.5609,4609.8319
2018-11-15,'000905,中证500,4619.8141,4619.8141,4539.9556
2018-11-14,'000905,中证500,4545.5089,4600.1289,4534.5243
2018-11-13,'000905,中证500,4563.5351,4588.4964,4422.9479
2018-11-12,'000905,中证500,4481.6881,4481.7736,4354.4675
2018-11-09,'000905,中证500,4368.6143,4396.3932,4348.8119
2018-11-08,'000905,中证500,4382.3286,4450.9818,4379.8833
2018-11-07,'000905,中证500,4415.136,4479.6944,4414.0703
2018-11-06,'000905,中证500,4438.0965,4440.1054,4385.3273
2018-11-05,'000905,中证500,4440.8274,4466.1357,4375.0414
2018-11-02,'000905,中证500,4437.9456,4437.9818,4360.8748
2018-11-01,'000905,中证500,4298.9837,4367.7304,4294.8669
2018-10-31,'000905,中证500,4272.5518,4298.2426,4204.3595
2018-10-30,'000905,中证500,4204.5424,4233.7942,4096.136
2018-10-29,'000905,中证500,4162.5255,4227.6435,4144.8064
2018-10-26,'000905,中证500,4233.9585,4294.5553,4217.7896
2018-10-25,'000905,中证500,4234.4208,4240.5841,4103.5602
2018-10-24,'000905,中证500,4245.4884,4297.3708,4207.1648
2018-10-23,'000905,中证500,4253.5561,4350.7285,4228.3294
2018-10-22,'000905,中证500,4333.1445,4375.5985,4165.7571
2018-10-19,'000905,中证500,4127.9854,4130.9325,3948.5593
2018-10-18,'000905,中证500,4018.4614,4104.3335,4013.6486
2018-10-17,'000905,中证500,4133.3832,4167.7603,4038.4243
2018-10-16,'000905,中证500,4099.6831,4221.3422,4076.8707
2018-10-15,'000905,中证500,4199.1532,4317.7101,4195.8308
2018-10-12,'000905,中证500,4278.0353,4300.0061,4136.6293
2018-10-11,'000905,中证500,4307.4208,4503.1983,4274.6995
2018-10-10,'000905,中证500,4629.8877,4655.5462,4586.8864
2018-10-09,'000905,中证500,4634.8939,4685.2177,4612.6352
2018-10-08,'000905,中证500,4646.4929,4737.2892,4639.4004
2018-09-28,'000905,中证500,4800.7287,4802.1578,4746.1771
2018-09-27,'000905,中证500,4755.3803,4817.6168,4754.2773
2018-09-26,'000905,中证500,4815.6306,4841.7044,4782.3906
2018-09-25,'000905,中证500,4792.5507,4810.3431,4763.2055
2018-09-21,'000905,中证500,4805.2151,4813.2902,4721.6883
2018-09-20,'000905,中证500,4733.4806,4761.4084,4723.3049
2018-09-19,'000905,中证500,4736.8934,4772.9524,4664.1301
2018-09-18,'000905,中证500,4683.5056,4684.2885,4584.4336
2018-09-17,'000905,中证500,4602.3901,4649.9497,4586.3157
2018-09-14,'000905,中证500,4670.0799,4724.003,4669.9429
2018-09-13,'000905,中证500,4721.2121,4752.8965,4655.2143
2018-09-12,'000905,中证500,4693.9743,4733.5829,4681.1267
2018-09-11,'000905,中证500,4702.9032,4738.2588,4669.4177
2018-09-10,'000905,中证500,4704.8782,4794.0136,4701.289
2018-09-07,'000905,中证500,4791.7779,4867.5336,4759.4919
2018-09-06,'000905,中证500,4793.3454,4849.1761,4773.8777
2018-09-05,'000905,中证500,4815.0343,4886.2734,4814.9568
2018-09-04,'000905,中证500,4890.2806,4905.016,4828.5239
2018-09-03,'000905,中证500,4838.873,4840.1523,4754.8097
2018-08-31,'000905,中证500,4814.8237,4862.4442,4805.207
2018-08-30,'000905,中证500,4867.1214,4952.6076,4861.0555
2018-08-29,'000905,中证500,4941.9607,4974.1638,4929.4589
2018-08-28,'000905,中证500,4974.2072,4983.9404,4954.1656
2018-08-27,'000905,中证500,4960.0655,4964.4514,4859.1248
2018-08-24,'000905,中证500,4852.2887,4880.891,4831.8874
2018-08-23,'000905,中证500,4863.6651,4885.8114,4821.1107
2018-08-22,'000905,中证500,4837.0183,4878.8189,4829.6051
2018-08-21,'000905,中证500,4891.9801,4901.1166,4816.8528
2018-08-20,'000905,中证500,4832.6512,4832.9089,4736.5592
2018-08-17,'000905,中证500,4803.0285,4941.1012,4793.7669
2018-08-16,'000905,中证500,4888.3712,4943.2003,4836.0505
2018-08-15,'000905,中证500,4932.8063,5038.7747,4929.1978
2018-08-14,'000905,中证500,5037.8831,5061.4064,5016.3217
2018-08-13,'000905,中证500,5055.2753,5064.0215,4958.8879
2018-08-10,'000905,中证500,5030.5148,5037.493,4990.8297
2018-08-09,'000905,中证500,5004.7733,5030.1616,4856.4815
2018-08-08,'000905,中证500,4880.5694,4952.4185,4877.6644
2018-08-07,'000905,中证500,4956.8718,4956.8718,4797.4529
2018-08-06,'000905,中证500,4825.2508,4941.1774,4798.85
2018-08-03,'000905,中证500,4929.75,5008.2403,4929.75
2018-08-02,'000905,中证500,4996.012,5094.3419,4887.5023
2018-08-01,'000905,中证500,5105.3741,5233.5012,5105.3741
2018-07-31,'000905,中证500,5188.7166,5208.3796,5163.6611
2018-07-30,'000905,中证500,5185.151,5255.1878,5167.4021
2018-07-27,'000905,中证500,5249.2904,5281.351,5230.1017
2018-07-26,'000905,中证500,5273.4789,5318.8808,5262.3114
2018-07-25,'000905,中证500,5308.6569,5332.616,5294.4201
2018-07-24,'000905,中证500,5304.641,5315.6706,5211.9422
2018-07-23,'000905,中证500,5214.0038,5214.3806,5132.3831
2018-07-20,'000905,中证500,5175.2516,5184.8744,5072.1645
2018-07-19,'000905,中证500,5111.3271,5179.727,5088.1243
2018-07-18,'000905,中证500,5156.6363,5220.1757,5156.6363
2018-07-17,'000905,中证500,5196.1969,5196.1969,5132.2064
2018-07-16,'000905,中证500,5195.2002,5216.5644,5170.2219
2018-07-13,'000905,中证500,5204.1855,5207.3602,5167.1585
2018-07-12,'000905,中证500,5172.5032,5184.0235,5029.2944
2018-07-11,'000905,中证500,5036.1565,5070.4863,4973.9884
2018-07-10,'000905,中证500,5136.5326,5141.713,5094.2862
2018-07-09,'000905,中证500,5107.5507,5107.8749,5007.213
2018-07-06,'000905,中证500,4996.6299,5061.0439,4897.2582
2018-07-05,'000905,中证500,4982.7627,5126.4735,4981.7793
2018-07-04,'000905,中证500,5121.3436,5180.2744,5102.782
2018-07-03,'000905,中证500,5197.1313,5203.3646,5054.6573
2018-07-02,'000905,中证500,5138.7826,5238.6382,5100.8747
2018-06-29,'000905,中证500,5217.7643,5218.9061,5054.0532
2018-06-28,'000905,中证500,5055.1093,5150.655,5050.324
2018-06-27,'000905,中证500,5109.4975,5188.2017,5089.711
2018-06-26,'000905,中证500,5160.2829,5170.1673,5044.2434
2018-06-25,'000905,中证500,5125.0333,5211.7609,5121.2091
2018-06-22,'000905,中证500,5160.1228,5165.0353,5017.509
2018-06-21,'000905,中证500,5089.2522,5244.6532,5086.931
2018-06-20,'000905,中证500,5198.3935,5222.8827,5090.2209
2018-06-19,'000905,中证500,5141.7095,5409.4108,5070.2182
2018-06-15,'000905,中证500,5483.9446,5593.6872,5448.0748
2018-06-14,'000905,中证500,5586.9314,5645.194,5570.8344
2018-06-13,'000905,中证500,5607.0173,5679.6739,5605.5454
2018-06-12,'000905,中证500,5693.3461,5693.6129,5594.9231
2018-06-11,'000905,中证500,5632.3566,5672.6279,5612.8656
2018-06-08,'000905,中证500,5669.3031,5731.8389,5630.6578
2018-06-07,'000905,中证500,5738.0176,5798.3297,5734.6345
2018-06-06,'000905,中证500,5774.2575,5784.6061,5748.701
2018-06-05,'000905,中证500,5779.0778,5779.862,5680.4942
2018-06-04,'000905,中证500,5683.1486,5707.4932,5652.1361
2018-06-01,'000905,中证500,5685.1155,5759.4979,5654.8402
2018-05-31,'000905,中证500,5754.4746,5760.2038,5672.183
2018-05-30,'000905,中证500,5682.5881,5778.0424,5675.9116
2018-05-29,'000905,中证500,5835.4456,5921.7203,5832.5523
2018-05-28,'000905,中证500,5891.2627,5938.0723,5858.2716
2018-05-25,'000905,中证500,5917.7978,5992.4798,5909.0449
2018-05-24,'000905,中证500,5992.6209,6028.5017,5986.7233
2018-05-23,'000905,中证500,6013.8472,6081.533,6012.4165
2018-05-22,'000905,中证500,6092.9069,6092.9069,6052.0902
2018-05-21,'000905,中证500,6072.1991,6080.8222,6034.0581
2018-05-18,'000905,中证500,5995.1497,6000.9482,5932.1295
2018-05-17,'000905,中证500,5973.7785,6010.2957,5959.7307
2018-05-16,'000905,中证500,6004.0696,6045.0343,5991.3751
2018-05-15,'000905,中证500,6020.5697,6021.016,5947.457
2018-05-14,'000905,中证500,5967.5541,6008.8875,5951.6746
2018-05-11,'000905,中证500,5991.3424,6052.5421,5989.4278
2018-05-10,'000905,中证500,6040.5716,6052.7094,5999.951
2018-05-09,'000905,中证500,6029.2329,6042.906,6002.3882
2018-05-08,'000905,中证500,6041.8143,6042.0682,6012.1266
2018-05-07,'000905,中证500,6019.1409,6023.1928,5918.3792
2018-05-04,'000905,中证500,5909.2944,5939.952,5883.7048
2018-05-03,'000905,中证500,5910.6058,5911.0865,5779.7298
2018-05-02,'000905,中证500,5855.3233,5894.4595,5817.3868
2018-04-27,'000905,中证500,5860.9836,5886.0043,5808.7832
2018-04-26,'000905,中证500,5847.9766,5955.2617,5846.0802
2018-04-25,'000905,中证500,5959.422,5968.8794,5919.5228
2018-04-24,'000905,中证500,5957.1927,5957.8295,5825.4524
2018-04-23,'000905,中证500,5823.9205,5913.5679,5761.9719
2018-04-20,'000905,中证500,5880.8359,5999.0105,5872.5044
2018-04-19,'000905,中证500,6004.7334,6041.9856,5962.7142
2018-04-18,'000905,中证500,5970.6577,5981.3374,5826.6505
2018-04-17,'000905,中证500,5890.8571,6038.2486,5886.023
2018-04-16,'000905,中证500,6012.4053,6053.9874,5966.1961
2018-04-13,'000905,中证500,6027.1867,6093.3469,6018.0068
2018-04-12,'000905,中证500,6051.3346,6091.9834,6039.564
2018-04-11,'000905,中证500,6086.6126,6110.1768,6073.22
2018-04-10,'000905,中证500,6063.7423,6064.3858,5992.997
2018-04-09,'000905,中证500,6025.6493,6053.9687,5954.5372
2018-04-04,'000905,中证500,6017.6863,6098.8378,6011.1516
2018-04-03,'000905,中证500,6059.7089,6066.4443,6008.5085
2018-04-02,'000905,中证500,6121.9642,6169.2991,6113.3388
2018-03-30,'000905,中证500,6114.7382,6115.2732,6051.0212
2018-03-29,'000905,中证500,6034.8572,6040.8623,5967.6342
2018-03-28,'000905,中证500,5973.3414,6036.1584,5949.1042
2018-03-27,'000905,中证500,6034.775,6043.0533,5956.2359
2018-03-26,'000905,中证500,5902.9588,5902.9588,5675.3664
2018-03-23,'000905,中证500,5787.1523,5978.4232,5722.773
2018-03-22,'000905,中证500,6101.2276,6161.3749,6074.6568
2018-03-21,'000905,中证500,6129.2042,6224.5559,6125.1353
2018-03-20,'000905,中证500,6173.6984,6176.4962,6091.5038
2018-03-19,'000905,中证500,6153.8339,6186.6139,6118.2953
2018-03-16,'000905,中证500,6146.3058,6205.8679,6146.3058
2018-03-15,'000905,中证500,6180.1108,6203.2422,6117.5974
2018-03-14,'000905,中证500,6189.317,6253.172,6185.1784
2018-03-13,'000905,中证500,6254.1457,6297.4323,6251.3986
2018-03-12,'000905,中证500,6295.7776,6295.7805,6230.3909
2018-03-09,'000905,中证500,6206.9754,6211.2784,6131.0147
2018-03-08,'000905,中证500,6131.5142,6131.7046,6073.6712
2018-03-07,'000905,中证500,6086.4874,6149.097,6082.5838
2018-03-06,'000905,中证500,6145.5768,6145.8509,6070.7211
2018-03-05,'000905,中证500,6064.0983,6080.9695,6031.9803
2018-03-02,'000905,中证500,6056.3354,6094.7976,6044.2591
2018-03-01,'000905,中证500,6090.2247,6090.9953,5974.1183
2018-02-28,'000905,中证500,6023.677,6044.0694,5939.6425
2018-02-27,'000905,中证500,6010.5573,6042.3888,6000.881
2018-02-26,'000905,中证500,6029.6795,6032.1358,5917.6165
2018-02-23,'000905,中证500,5897.6765,5902.9357,5848.5227
2018-02-22,'000905,中证500,5875.7272,5875.7592,5797.9076
2018-02-14,'000905,中证500,5754.8344,5761.7685,5712.879
2018-02-13,'000905,中证500,5736.9505,5789.6975,5727.754
2018-02-12,'000905,中证500,5699.0979,5714.8183,5581.7113
2018-02-09,'000905,中证500,5554.8974,5663.1036,5490.6248
2018-02-08,'000905,中证500,5766.4797,5786.7852,5691.2916
2018-02-07,'000905,中证500,5711.3322,5831.8113,5630.0868
2018-02-06,'000905,中证500,5704.2641,5920.7398,5702.8503
2018-02-05,'000905,中证500,5998.2236,6016.157,5907.4691
2018-02-02,'000905,中证500,6004.8494,6006.4745,5844.4638
2018-02-01,'000905,中证500,5984.7428,6196.7148,5984.2843
2018-01-31,'000905,中证500,6189.3413,6277.7418,6170.1606
2018-01-30,'000905,中证500,6313.442,6330.5373,6300.4556
2018-01-29,'000905,中证500,6309.8836,6398.9699,6295.8952
2018-01-26,'000905,中证500,6383.6312,6401.4838,6368.9006
2018-01-25,'000905,中证500,6382.7165,6424.3507,6380.8375
2018-01-24,'000905,中证500,6394.2999,6395.5723,6322.9197
2018-01-23,'000905,中证500,6354.9978,6362.58,6330.4561
2018-01-22,'000905,中证500,6347.6383,6347.8147,6248.3142
2018-01-19,'000905,中证500,6272.38,6316.9977,6261.2353
2018-01-18,'000905,中证500,6286.8007,6295.7766,6253.0611
2018-01-17,'000905,中证500,6267.4599,6288.1439,6202.3151
2018-01-16,'000905,中证500,6301.1327,6301.4047,6245.1129
2018-01-15,'000905,中证500,6253.3759,6392.5174,6236.5629
2018-01-12,'000905,中证500,6399.3737,6435.1946,6387.7824
2018-01-11,'000905,中证500,6425.9401,6432.4398,6371.5436
2018-01-10,'000905,中证500,6405.9395,6444.3088,6361.0948
2018-01-09,'000905,中证500,6445.7462,6449.0346,6425.0274
2018-01-08,'000905,中证500,6446.1818,6446.7879,6393.8819
2018-01-05,'000905,中证500,6417.2537,6435.854,6397.2929
2018-01-04,'000905,中证500,6417.535,6418.256,6375.5134
2018-01-03,'000905,中证500,6388.2533,6391.9799,6324.2604
2018-01-02,'000905,中证500,6332.2269,6332.6089,6258.1563
2017-12-29,'000905,中证500,6250.8207,6250.8207,6201.4554
2017-12-28,'000905,中证500,6204.2702,6219.5391,6157.1051
2017-12-27,'000905,中证500,6173.1528,6228.8826,6168.131
2017-12-26,'000905,中证500,6220.1473,6220.4992,6148.1044
2017-12-25,'000905,中证500,6185.5907,6257.0206,6170.682
2017-12-22,'000905,中证500,6242.8847,6269.3135,6235.226
2017-12-21,'000905,中证500,6238.4987,6255.8425,6148.8168
2017-12-20,'000905,中证500,6199.3628,6246.9097,6188.3236
2017-12-19,'000905,中证500,6251.2416,6251.492,6200.7071
2017-12-18,'000905,中证500,6199.9889,6247.5919,6179.028
2017-12-15,'000905,中证500,6235.7608,6278.9264,6214.6465
2017-12-14,'000905,中证500,6284.0807,6288.5024,6247.6765
2017-12-13,'000905,中证500,6277.441,6277.7254,6217.7869
2017-12-12,'000905,中证500,6233.2115,6290.8469,6233.2115
2017-12-11,'000905,中证500,6286.1656,6286.5003,6214.6446
2017-12-08,'000905,中证500,6203.1433,6217.5728,6126.3771
2017-12-07,'000905,中证500,6135.4702,6182.7533,6130.8335
2017-12-06,'000905,中证500,6172.8031,6173.3507,6053.2411
2017-12-05,'000905,中证500,6132.912,6279.3926,6099.4066
2017-12-04,'000905,中证500,6279.6206,6334.8705,6272.6686
2017-12-01,'000905,中证500,6316.4072,6323.8353,6256.2283
2017-11-30,'000905,中证500,6263.421,6322.0435,6248.1826
2017-11-29,'000905,中证500,6318.3684,6329.1768,6245.0599
2017-11-28,'000905,中证500,6299.3122,6299.3122,6188.089
2017-11-27,'000905,中证500,6194.5522,6279.5884,6186.0337
2017-11-24,'000905,中证500,6278.0287,6307.8896,6243.9629
2017-11-23,'000905,中证500,6274.5116,6427.5761,6274.5116
2017-11-22,'000905,中证500,6439.4419,6483.6282,6391.4563
2017-11-21,'000905,中证500,6456.352,6473.7012,6397.3583
2017-11-20,'000905,中证500,6433.1702,6433.7791,6239.3207
2017-11-17,'000905,中证500,6361.9415,6555.7461,6359.5177
2017-11-16,'000905,中证500,6558.3085,6570.2755,6511.9028
2017-11-15,'000905,中证500,6537.6563,6603.5083,6505.9924
2017-11-14,'000905,中证500,6614.5136,6673.7496,6588.2531
2017-11-13,'000905,中证500,6671.2054,6671.2557,6624.671
2017-11-10,'000905,中证500,6641.2164,6647.228,6593.033
2017-11-09,'000905,中证500,6611.3517,6611.3856,6558.4895
2017-11-08,'000905,中证500,6561.6897,6601.4665,6534.1588
2017-11-07,'000905,中证500,6551.9363,6552.2591,6498.3931
2017-11-06,'000905,中证500,6511.0958,6512.1347,6408.3599
2017-11-03,'000905,中证500,6426.9799,6491.0479,6395.4575
2017-11-02,'000905,中证500,6484.9258,6541.6099,6476.3728
2017-11-01,'000905,中证500,6552.9545,6586.1324,6547.8498
2017-10-31,'000905,中证500,6560.2054,6560.2533,6496.6865
2017-10-30,'000905,中证500,6511.7616,6629.3003,6460.0478
2017-10-27,'000905,中证500,6630.8067,6673.4661,6622.1242
2017-10-26,'000905,中证500,6671.9288,6686.1192,6630.9745
2017-10-25,'000905,中证500,6647.892,6648.3874,6593.0745
2017-10-24,'000905,中证500,6603.0042,6605.8991,6556.3449
2017-10-23,'000905,中证500,6612.7637,6613.031,6562.9058
2017-10-20,'000905,中证500,6571.424,6571.442,6485.8051
2017-10-19,'000905,中证500,6501.3999,6562.3529,6494.731
2017-10-18,'000905,中证500,6563.4369,6630.6685,6557.6601
2017-10-17,'000905,中证500,6612.9428,6644.7522,6589.5417
2017-10-16,'000905,中证500,6619.2056,6709.8738,6609.6192
2017-10-13,'000905,中证500,6709.8164,6711.9305,6659.8792
2017-10-12,'000905,中证500,6659.0957,6674.3844,6611.9745
2017-10-11,'000905,中证500,6666.4696,6703.5828,6661.0883
2017-10-10,'000905,中证500,6705.4812,6705.7177,6658.8617
2017-10-09,'000905,中证500,6678.371,6696.6664,6657.5305
2017-09-29,'000905,中证500,6603.2587,6611.6531,6572.4498
2017-09-28,'000905,中证500,6567.7915,6599.127,6565.8825
2017-09-27,'000905,中证500,6583.1401,6589.7354,6522.2036
2017-09-26,'000905,中证500,6520.7175,6520.7175,6482.2856
2017-09-25,'000905,中证500,6489.8441,6567.9978,6484.2077
2017-09-22,'000905,中证500,6572.0096,6592.8847,6547.2774
2017-09-21,'000905,中证500,6612.0456,6687.1159,6612.0456
2017-09-20,'000905,中证500,6692.4724,6692.712,6613.6567
2017-09-19,'000905,中证500,6636.0201,6681.2538,6611.7512
2017-09-18,'000905,中证500,6669.4548,6669.4548,6616.1288
2017-09-15,'000905,中证500,6622.0438,6663.5099,6603.7281
2017-09-14,'000905,中证500,6672.1849,6701.691,6643.5877
2017-09-13,'000905,中证500,6684.3798,6684.8593,6630.5032
2017-09-12,'000905,中证500,6644.0118,6715.3935,6628.8825
2017-09-11,'000905,中证500,6649.6276,6650.1193,6566.2776
2017-09-08,'000905,中证500,6574.1826,6599.132,6537.0408
2017-09-07,'000905,中证500,6558.5963,6614.1021,6553.6993
2017-09-06,'000905,中证500,6607.1176,6610.7452,6540.8253
2017-09-05,'000905,中证500,6571.8591,6576.5616,6528.1132
2017-09-04,'000905,中证500,6564.6804,6566.1014,6519.7882
2017-09-01,'000905,中证500,6526.5046,6530.8989,6466.1264
2017-08-31,'000905,中证500,6470.4259,6470.9433,6429.7427
2017-08-30,'000905,中证500,6453.4636,6462.7571,6405.8963
2017-08-29,'000905,中证500,6408.1567,6439.0793,6393.4761
2017-08-28,'000905,中证500,6424.5841,6442.3999,6348.87
2017-08-25,'000905,中证500,6346.5305,6358.8868,6274.3511
2017-08-24,'000905,中证500,6278.59,6329.0305,6267.2324
2017-08-23,'000905,中证500,6322.7819,6371.3,6310.0102
2017-08-22,'000905,中证500,6375.9814,6398.5649,6362.4094
2017-08-21,'000905,中证500,6403.7803,6404.0497,6354.0107
2017-08-18,'000905,中证500,6347.7557,6361.9716,6313.1511
2017-08-17,'000905,中证500,6366.034,6366.2517,6312.8892
2017-08-16,'000905,中证500,6318.7986,6323.5599,6268.1876
2017-08-15,'000905,中证500,6314.7608,6316.1989,6283.5442
2017-08-14,'000905,中证500,6292.6418,6293.3517,6165.1298
2017-08-11,'000905,中证500,6161.1903,6275.8931,6153.6005
2017-08-10,'000905,中证500,6289.2174,6341.4803,6246.658
2017-08-09,'000905,中证500,6340.022,6340.3754,6285.0247
2017-08-08,'000905,中证500,6303.716,6322.4694,6281.6178
2017-08-07,'000905,中证500,6303.4209,6304.2674,6217.2893
2017-08-04,'000905,中证500,6225.1151,6297.1163,6224.2026
2017-08-03,'000905,中证500,6261.9676,6288.4352,6236.66
2017-08-02,'000905,中证500,6251.8627,6313.5062,6248.3556
2017-08-01,'000905,中证500,6286.5362,6299.1562,6261.2848
2017-07-31,'000905,中证500,6298.0004,6299.8004,6208.461
2017-07-28,'000905,中证500,6215.4633,6229.0561,6165.9919
2017-07-27,'000905,中证500,6184.0207,6192.9383,6105.962
2017-07-26,'000905,中证500,6146.7028,6162.8805,6111.038
2017-07-25,'000905,中证500,6153.5984,6170.6462,6113.5608
2017-07-24,'000905,中证500,6167.1282,6171.8185,6117.2961
2017-07-21,'000905,中证500,6126.1083,6136.9731,6080.5615
2017-07-20,'000905,中证500,6099.2835,6120.1918,6046.4096
2017-07-19,'000905,中证500,6059.3582,6059.5323,5917.6696
2017-07-18,'000905,中证500,5938.4342,5938.4342,5842.9557
2017-07-17,'000905,中证500,5876.4592,6108.452,5860.78
2017-07-14,'000905,中证500,6128.7397,6143.4587,6107.9089
2017-07-13,'000905,中证500,6149.9337,6172.6827,6124.3599
2017-07-12,'000905,中证500,6132.9922,6143.7984,6050.6501
2017-07-11,'000905,中证500,6128.9942,6202.2032,6128.9942
2017-07-10,'000905,中证500,6206.5568,6236.2921,6189.0004
2017-07-07,'000905,中证500,6226.0108,6229.8309,6176.7431
2017-07-06,'000905,中证500,6201.6535,6211.9654,6149.9308
2017-07-05,'000905,中证500,6193.9641,6193.9641,6127.5143
2017-07-04,'000905,中证500,6146.8527,6170.852,6134.8792
2017-07-03,'000905,中证500,6177.3953,6177.3953,6129.8406
2017-06-30,'000905,中证500,6138.1556,6139.0677,6090.2523
2017-06-29,'000905,中证500,6116.9932,6132.2451,6089.9202
2017-06-28,'000905,中证500,6086.2112,6110.3484,6075.1424
2017-06-27,'000905,中证500,6113.1658,6128.3768,6089.6802
2017-06-26,'000905,中证500,6111.6406,6111.707,6011.8591
2017-06-23,'000905,中证500,6010.3137,6010.3137,5923.5507
2017-06-22,'000905,中证500,5992.3352,6094.5533,5992.3352
2017-06-21,'000905,中证500,6078.1925,6080.5326,6035.2737
2017-06-20,'000905,中证500,6066.9046,6089.8121,6058.6882
2017-06-19,'000905,中证500,6057.4115,6057.4115,6009.2243
2017-06-16,'000905,中证500,6012.9996,6027.395,6003.2623
2017-06-15,'000905,中证500,6021.1651,6024.3764,5959.1892
2017-06-14,'000905,中证500,5966.4314,5992.7818,5958.2003
2017-06-13,'000905,中证500,5980.0566,5986.8692,5894.2253
2017-06-12,'000905,中证500,5902.8551,5950.0431,5896.4049
2017-06-09,'000905,中证500,5969.2741,5971.5251,5922.7285
2017-06-08,'000905,中证500,5958.977,5972.7277,5940.7235
2017-06-07,'000905,中证500,5955.0153,5955.0236,5836.4411
2017-06-06,'000905,中证500,5841.5232,5841.8803,5793.4367
2017-06-05,'000905,中证500,5815.8022,5830.0525,5777.9509
2017-06-02,'000905,中证500,5772.5174,5780.5015,5655.762
2017-06-01,'000905,中证500,5709.9994,5810.5989,5709.6885
2017-05-31,'000905,中证500,5824.1042,5913.1835,5820.2063
2017-05-26,'000905,中证500,5836.9338,5871.2139,5833.0876
2017-05-25,'000905,中证500,5850.8006,5859.5019,5740.7985
2017-05-24,'000905,中证500,5799.2499,5799.6834,5668.7221
2017-05-23,'000905,中证500,5764.8759,5893.816,5760.3248
2017-05-22,'000905,中证500,5888.8127,5987.3066,5873.0412
2017-05-19,'000905,中证500,5974.9772,5990.4353,5942.6096
2017-05-18,'000905,中证500,5976.2998,6030.109,5965.3503
2017-05-17,'000905,中证500,6027.6504,6055.9183,6001.0394
2017-05-16,'000905,中证500,6014.7344,6014.8806,5839.2197
2017-05-15,'000905,中证500,5893.5075,5912.2661,5880.6961
2017-05-12,'000905,中证500,5863.7832,5889.93,5820.2939
2017-05-11,'000905,中证500,5872.6391,5873.9064,5731.4825
2017-05-10,'000905,中证500,5885.841,6038.9734,5885.5213
2017-05-09,'000905,中证500,6012.0016,6012.4429,5919.5993
2017-05-08,'000905,中证500,5975.5395,6083.362,5975.2213
2017-05-05,'000905,中证500,6089.6828,6164.2461,6089.0909
2017-05-04,'000905,中证500,6176.3053,6236.8865,6151.8088
2017-05-03,'000905,中证500,6197.4779,6225.6265,6174.6918
2017-05-02,'000905,中证500,6216.115,6216.4949,6186.1678
2017-04-28,'000905,中证500,6211.8624,6214.1617,6166.7979
2017-04-27,'000905,中证500,6192.3044,6205.2293,6052.8806
2017-04-26,'000905,中证500,6176.3981,6195.3247,6157.3991
2017-04-25,'000905,中证500,6160.4612,6203.6818,6131.9512
2017-04-24,'000905,中证500,6138.5049,6282.7398,6137.9201
2017-04-21,'000905,中证500,6300.7128,6364.6737,6296.8103
2017-04-20,'000905,中证500,6347.7732,6377.8003,6299.8941
2017-04-19,'000905,中证500,6350.6465,6401.4112,6285.9903
2017-04-18,'000905,中证500,6418.2114,6491.8082,6416.1723
2017-04-17,'000905,中证500,6456.598,6502.036,6426.2797
2017-04-14,'000905,中证500,6528.1624,6623.8014,6522.7905
2017-04-13,'000905,中证500,6615.7042,6627.702,6562.7621
2017-04-12,'000905,中证500,6576.4761,6626.761,6571.4755
2017-04-11,'000905,中证500,6629.1661,6631.9963,6531.5307
2017-04-10,'000905,中证500,6566.5441,6595.1986,6556.0781
2017-04-07,'000905,中证500,6578.726,6593.949,6544.2362
2017-04-06,'000905,中证500,6559.6526,6569.7021,6535.0376
2017-04-05,'000905,中证500,6539.9665,6539.9665,6450.8955
2017-03-31,'000905,中证500,6401.6479,6402.2179,6365.4474
2017-03-30,'000905,中证500,6375.7437,6471.935,6369.1202
2017-03-29,'000905,中证500,6480.543,6522.5117,6461.5358
2017-03-28,'000905,中证500,6498.6902,6519.0858,6483.6403
2017-03-27,'000905,中证500,6516.0326,6555.7939,6510.4398
2017-03-24,'000905,中证500,6546.615,6552.7481,6500.0657
2017-03-23,'000905,中证500,6512.1874,6533.6523,6445.8112
2017-03-22,'000905,中证500,6499.7928,6514.6285,6459.975
2017-03-21,'000905,中证500,6515.9458,6516.0101,6484.687
2017-03-20,'000905,中证500,6498.3416,6498.5658,6451.354
2017-03-17,'000905,中证500,6483.2463,6555.5786,6480.2914
2017-03-16,'000905,中证500,6543.3407,6543.3407,6499.8323
2017-03-15,'000905,中证500,6486.0616,6499.5423,6471.7207
2017-03-14,'000905,中证500,6493.4846,6518.7786,6480.0806
2017-03-13,'000905,中证500,6507.8964,6508.0665,6412.708
2017-03-10,'000905,中证500,6447.9165,6464.6026,6436.6388
2017-03-09,'000905,中证500,6439.3822,6484.8275,6425.0028
2017-03-08,'000905,中证500,6497.0878,6525.1932,6478.5482
2017-03-07,'000905,中证500,6523.1868,6523.3598,6491.2635
2017-03-06,'000905,中证500,6517.3235,6518.0421,6457.5928
2017-03-03,'000905,中证500,6452.839,6457.228,6398.8848
2017-03-02,'000905,中证500,6434.6262,6484.1156,6431.4355
2017-03-01,'000905,中证500,6467.6385,6488.8245,6440.8074
2017-02-28,'000905,中证500,6450.9701,6451.2916,6414.7839
2017-02-27,'000905,中证500,6424.2549,6480.1867,6417.7848
2017-02-24,'000905,中证500,6476.1655,6477.4217,6445.0669
2017-02-23,'000905,中证500,6473.993,6482.2481,6435.7455
2017-02-22,'000905,中证500,6474.225,6474.4899,6431.4088
2017-02-21,'000905,中证500,6434.4383,6434.5346,6386.904
2017-02-20,'000905,中证500,6385.0625,6385.0625,6307.2342
2017-02-17,'000905,中证500,6307.1627,6365.6958,6300.51
2017-02-16,'000905,中证500,6359.3361,6363.8696,6306.5107
2017-02-15,'000905,中证500,6311.6959,6379.7876,6301.0125
2017-02-14,'000905,中证500,6374.8852,6378.0622,6346.5932
2017-02-13,'000905,中证500,6369.6526,6370.2071,6331.9619
2017-02-10,'000905,中证500,6337.1081,6350.3394,6320.2482
2017-02-09,'000905,中证500,6331.1771,6331.3294,6285.7284
2017-02-08,'000905,中证500,6291.5977,6291.7658,6219.0209
2017-02-07,'000905,中证500,6255.927,6269.4606,6223.5399
2017-02-06,'000905,中证500,6259.2471,6259.4103,6195.4953
2017-02-03,'000905,中证500,6207.0921,6231.6039,6190.8278
2017-01-26,'000905,中证500,6223.7061,6224.1897,6183.1588
2017-01-25,'000905,中证500,6179.5681,6187.4333,6152.1441
2017-01-24,'000905,中证500,6165.2642,6177.2076,6154.0678
2017-01-23,'000905,中证500,6172.1671,6189.1736,6130.1951
2017-01-20,'000905,中证500,6121.9983,6129.5799,6034.9691
2017-01-19,'000905,中证500,6043.675,6074.4639,6029.6401
2017-01-18,'000905,中证500,6068.593,6098.7843,6049.9691
2017-01-17,'000905,中证500,6082.0657,6082.2006,5957.0439
2017-01-16,'000905,中证500,6031.2414,6184.3369,5872.3953
2017-01-13,'000905,中证500,6194.6575,6282.7162,6182.1048
2017-01-12,'000905,中证500,6272.851,6339.3218,6269.199
2017-01-11,'000905,中证500,6331.9638,6402.8989,6331.5065
2017-01-10,'000905,中证500,6393.9283,6428.834,6388.9201
2017-01-09,'000905,中证500,6415.4176,6415.4682,6357.3566
2017-01-06,'000905,中证500,6371.6168,6401.7389,6364.8875
2017-01-05,'000905,中证500,6399.2841,6412.8739,6385.1212
2017-01-04,'000905,中证500,6394.6694,6395.0039,6314.1267
2017-01-03,'000905,中证500,6320.7626,6320.9526,6273.7528
2016-12-30,'000905,中证500,6263.6256,6275.5494,6241.7188
2016-12-29,'000905,中证500,6252.6076,6286.7413,6242.9837
2016-12-28,'000905,中证500,6270.2395,6295.8909,6257.1041
2016-12-27,'000905,中证500,6288.8594,6311.0357,6284.0401
2016-12-26,'000905,中证500,6294.7546,6295.236,6194.2656
2016-12-23,'000905,中证500,6281.9966,6343.8546,6277.66
2016-12-22,'000905,中证500,6341.7879,6350.2726,6313.8578
2016-12-21,'000905,中证500,6347.6058,6348.376,6311.0581
2016-12-20,'000905,中证500,6300.6383,6315.5363,6275.3113
2016-12-19,'000905,中证500,6320.7324,6330.3823,6297.3666
2016-12-16,'000905,中证500,6318.5239,6329.1906,6273.0011
2016-12-15,'000905,中证500,6280.3981,6310.7437,6211.2733
2016-12-14,'000905,中证500,6239.4989,6299.0401,6216.9508
2016-12-13,'000905,中证500,6278.1793,6292.8031,6190.389
2016-12-12,'000905,中证500,6249.0784,6519.628,6241.6118
2016-12-09,'000905,中证500,6513.9155,6534.8963,6500.2146
2016-12-08,'000905,中证500,6527.4338,6562.6574,6522.9608
2016-12-07,'000905,中证500,6558.0247,6558.2433,6481.9199
2016-12-06,'000905,中证500,6490.8897,6514.0316,6484.979
2016-12-05,'000905,中证500,6486.0173,6522.5969,6451.0843
2016-12-02,'000905,中证500,6520.9745,6623.7939,6520.9745
2016-12-01,'000905,中证500,6624.4657,6624.8511,6593.0738
2016-11-30,'000905,中证500,6585.5776,6615.921,6568.7956
2016-11-29,'000905,中证500,6620.7949,6681.8812,6619.0387
2016-11-28,'000905,中证500,6670.8035,6692.1415,6650.9193
2016-11-25,'000905,中证500,6652.8177,6652.916,6531.3667
2016-11-24,'000905,中证500,6623.0489,6656.9659,6607.0277
2016-11-23,'000905,中证500,6631.1733,6676.6675,6617.7752
2016-11-22,'000905,中证500,6661.246,6661.5407,6617.0696
2016-11-21,'000905,中证500,6611.5399,6635.8918,6591.9754
2016-11-18,'000905,中证500,6602.3265,6643.9408,6592.8358
2016-11-17,'000905,中证500,6636.469,6646.309,6596.896
2016-11-16,'000905,中证500,6644.1878,6658.4279,6630.1238
2016-11-15,'000905,中证500,6640.4616,6641.0354,6602.2812
2016-11-14,'000905,中证500,6615.0071,6624.2056,6566.0537
2016-11-11,'000905,中证500,6583.8864,6584.4097,6527.4524
2016-11-10,'000905,中证500,6536.9651,6538.7419,6501.6388
2016-11-09,'000905,中证500,6453.5718,6507.8648,6380.5711
2016-11-08,'000905,中证500,6503.1781,6518.1891,6476.4443
2016-11-07,'000905,中证500,6468.8171,6487.0601,6437.74
2016-11-04,'000905,中证500,6462.5928,6502.7409,6449.5605
2016-11-03,'000905,中证500,6483.7322,6521.0003,6436.9074
2016-11-02,'000905,中证500,6455.1295,6506.7756,6450.0506
2016-11-01,'000905,中证500,6507.95,6508.3642,6450.0204
2016-10-31,'000905,中证500,6452.2058,6460.7728,6408.2731
2016-10-28,'000905,中证500,6455.8349,6536.8349,6455.1476
2016-10-27,'000905,中证500,6517.3594,6529.4679,6488.3634
2016-10-26,'000905,中证500,6530.3898,6561.2466,6511.657
2016-10-25,'000905,中证500,6563.3539,6563.5233,6536.9443
2016-10-24,'000905,中证500,6539.4661,6546.7881,6472.9393
2016-10-21,'000905,中证500,6475.2807,6506.6107,6424.4429
2016-10-20,'000905,中证500,6498.2375,6506.581,6474.7793
2016-10-19,'000905,中证500,6495.2574,6531.162,6476.562
2016-10-18,'000905,中证500,6509.2821,6509.2821,6409.7381
2016-10-17,'000905,中证500,6413.1487,6487.6708,6394.4868
2016-10-14,'000905,中证500,6469.4915,6477.8533,6423.5788
2016-10-13,'000905,中证500,6484.831,6501.5569,6468.1323
2016-10-12,'000905,中证500,6482.7379,6484.0002,6452.4135
2016-10-11,'000905,中证500,6486.4254,6486.6499,6443.7479
2016-10-10,'000905,中证500,6447.6934,6447.9361,6345.331
2016-09-30,'000905,中证500,6328.0856,6338.299,6289.4658
2016-09-29,'000905,中证500,6298.7911,6323.4158,6288.9181
2016-09-28,'000905,中证500,6281.2838,6300.8497,6266.7529
2016-09-27,'000905,中证500,6286.9093,6287.3356,6200.5654
2016-09-26,'000905,中证500,6241.5157,6364.2086,6239.8672
2016-09-23,'000905,中证500,6370.5834,6402.6392,6369.2226
2016-09-22,'000905,中证500,6385.6353,6410.57,6377.1734
2016-09-21,'000905,中证500,6343.7541,6362.9993,6335.3916
2016-09-20,'000905,中证500,6342.0328,6346.9304,6319.7623
2016-09-19,'000905,中证500,6344.181,6344.4504,6292.807
2016-09-14,'000905,中证500,6278.158,6318.2705,6260.6525
2016-09-13,'000905,中证500,6320.0315,6340.8722,6284.0368
2016-09-12,'000905,中证500,6291.6364,6383.8434,6283.8161
2016-09-09,'000905,中证500,6471.053,6539.3476,6470.9046
2016-09-08,'000905,中证500,6517.9835,6518.3321,6478.6477
2016-09-07,'000905,中证500,6494.3159,6529.8114,6483.0878
2016-09-06,'000905,中证500,6492.9722,6493.3473,6345.6948
2016-09-05,'000905,中证500,6391.7923,6419.7461,6372.624
2016-09-02,'000905,中证500,6356.9538,6403.5722,6320.4791
2016-09-01,'000905,中证500,6381.4755,6445.4324,6380.9005
2016-08-31,'000905,中证500,6434.2103,6441.106,6390.699
2016-08-30,'000905,中证500,6425.7543,6459.7148,6413.7103
2016-08-29,'000905,中证500,6427.5291,6442.3982,6398.7765
2016-08-26,'000905,中证500,6410.7335,6460.8679,6395.7304
2016-08-25,'000905,中证500,6382.5704,6398.5641,6312.6532
2016-08-24,'000905,中证500,6435.0586,6466.6253,6415.6998
2016-08-23,'000905,中证500,6428.6978,6448.5425,6380.915
2016-08-22,'000905,中证500,6420.3544,6508.7968,6419.5628
2016-08-19,'000905,中证500,6499.5548,6516.9793,6451.612
2016-08-18,'000905,中证500,6490.408,6527.1975,6466.3975
2016-08-17,'000905,中证500,6488.3648,6502.1391,6437.2631
2016-08-16,'000905,中证500,6468.8946,6488.7007,6446.2363
2016-08-15,'000905,中证500,6442.5272,6451.929,6289.7246
2016-08-12,'000905,中证500,6299.0915,6299.0915,6204.9613
2016-08-11,'000905,中证500,6226.3129,6318.9779,6226.3129
2016-08-10,'000905,中证500,6318.2681,6366.089,6314.5125
2016-08-09,'000905,中证500,6341.5497,6341.7233,6281.0723
2016-08-08,'000905,中证500,6290.7562,6290.8999,6152.5791
2016-08-05,'000905,中证500,6203.2872,6251.3982,6202.8622
2016-08-04,'000905,中证500,6238.2309,6245.3048,6174.2398
2016-08-03,'000905,中证500,6198.3885,6203.6148,6140.8294
2016-08-02,'000905,中证500,6168.5088,6168.6819,6099.2499
2016-08-01,'000905,中证500,6109.2782,6179.2019,6046.4023
2016-07-29,'000905,中证500,6202.8923,6259.1994,6183.1647
2016-07-28,'000905,中证500,6243.2883,6273.3798,6148.8585
2016-07-27,'000905,中证500,6229.2885,6515.8778,6154.4592
2016-07-26,'000905,中证500,6494.4743,6494.7395,6410.8227
2016-07-25,'000905,中证500,6408.7831,6441.3161,6374.2552
2016-07-22,'000905,中证500,6390.9254,6448.3659,6385.2522
2016-07-21,'000905,中证500,6442.7093,6487.0216,6405.6019
2016-07-20,'000905,中证500,6417.9223,6454.179,6404.1539
2016-07-19,'000905,中证500,6431.9383,6431.9383,6355.4787
2016-07-18,'000905,中证500,6412.0731,6455.459,6379.0647
2016-07-15,'000905,中证500,6441.0159,6469.0454,6409.7969
2016-07-14,'000905,中证500,6455.5827,6458.288,6410.3989
2016-07-13,'000905,中证500,6446.5634,6456.7724,6392.3995
2016-07-12,'000905,中证500,6395.1448,6395.4352,6248.934
2016-07-11,'000905,中证500,6312.4988,6387.0702,6306.1335
2016-07-08,'000905,中证500,6299.8533,6337.0713,6276.8299
2016-07-07,'000905,中证500,6319.7926,6342.4345,6256.272
2016-07-06,'000905,中证500,6297.3969,6299.7335,6231.5408
2016-07-05,'000905,中证500,6269.5046,6276.8212,6226.2952
2016-07-04,'000905,中证500,6231.8811,6240.603,6078.6278
2016-07-01,'000905,中证500,6111.5385,6163.4256,6095.85
2016-06-30,'000905,中证500,6123.4939,6143.2323,6090.9036
2016-06-29,'000905,中证500,6120.2021,6145.0001,6100.084
2016-06-28,'000905,中证500,6107.5105,6111.0708,6012.0512
2016-06-27,'000905,中证500,6044.2191,6044.3229,5864.6141
2016-06-24,'000905,中证500,5903.6202,6011.3713,5748.8387
2016-06-23,'000905,中证500,5978.1737,6015.182,5933.6833
2016-06-22,'000905,中证500,6008.8857,6009.0569,5895.9138
2016-06-21,'000905,中证500,5916.8032,6053.4091,5888.3583
2016-06-20,'000905,中证500,5985.5691,5994.9995,5908.4815
2016-06-17,'000905,中证500,5964.2724,6002.6166,5918.1931
2016-06-16,'000905,中证500,5930.5454,5979.1155,5909.6871
2016-06-15,'000905,中证500,5952.846,5972.8525,5692.8145
2016-06-14,'000905,中证500,5762.7612,5778.8537,5700.5226
2016-06-13,'000905,中证500,5746.4438,5992.3346,5745.9998
2016-06-08,'000905,中证500,6023.8776,6058.1769,5972.7439
2016-06-07,'000905,中证500,6045.3571,6052.0491,6010.3535
2016-06-06,'000905,中证500,6051.8595,6067.4652,6008.9257
2016-06-03,'000905,中证500,6032.603,6062.1379,5992.3207
2016-06-02,'000905,中证500,6013.8942,6014.6099,5955.3472
2016-06-01,'000905,中证500,5973.7799,6013.9035,5949.6366
2016-05-31,'000905,中证500,5947.3224,5947.4279,5721.8261
2016-05-30,'000905,中证500,5711.3152,5764.7614,5655.6352
2016-05-27,'000905,中证500,5739.5897,5780.0682,5712.4793
2016-05-26,'000905,中证500,5744.3876,5744.8548,5598.6616
2016-05-25,'000905,中证500,5715.1834,5803.9847,5691.6085
2016-05-24,'000905,中证500,5743.1782,5800.1706,5701.6635
2016-05-23,'000905,中证500,5809.4761,5811.6842,5752.0785
2016-05-20,'000905,中证500,5732.9018,5733.2495,5600.492
2016-05-19,'000905,中证500,5666.7331,5729.4001,5628.6462
2016-05-18,'000905,中证500,5631.1927,5743.0332,5563.0572
2016-05-17,'000905,中证500,5790.3416,5853.6109,5763.5055
2016-05-16,'000905,中证500,5812.5423,5813.0362,5665.2063
2016-05-13,'000905,中证500,5714.3107,5779.8921,5677.9415
2016-05-12,'000905,中证500,5726.4555,5727.5784,5559.693
2016-05-11,'000905,中证500,5723.4104,5806.4691,5700.0955
2016-05-10,'000905,中证500,5738.8961,5766.1568,5697.0927
2016-05-09,'000905,中证500,5743.6473,5910.124,5714.1191
2016-05-06,'000905,中证500,5961.489,6226.8759,5961.4591
2016-05-05,'000905,中证500,6203.8166,6206.5295,6133.3802
2016-05-04,'000905,中证500,6169.7826,6213.1931,6136.3005
2016-05-03,'000905,中证500,6167.4537,6167.7976,5960.9405
2016-04-29,'000905,中证500,5985.594,6018.2657,5953.131
2016-04-28,'000905,中证500,5990.3285,6027.1966,5888.0639
2016-04-27,'000905,中证500,6016.699,6086.3639,6005.1631
2016-04-26,'000905,中证500,6046.7734,6047.0641,5958.4005
2016-04-25,'000905,中证500,5978.0772,5997.2189,5897.7351
2016-04-22,'000905,中证500,6011.3201,6011.4595,5915.3057
2016-04-21,'000905,中证500,5970.682,6085.9349,5960.504
2016-04-20,'000905,中证500,6022.2126,6344.7813,5923.4332
2016-04-19,'000905,中证500,6308.229,6334.904,6262.6116
2016-04-18,'000905,中证500,6281.2024,6343.7013,6241.9826
2016-04-15,'000905,中证500,6384.3496,6414.7939,6345.5538
2016-04-14,'000905,中证500,6401.8545,6402.509,6324.4635
2016-04-13,'000905,中证500,6344.2255,6421.7271,6292.5692
2016-04-12,'000905,中证500,6252.7729,6316.248,6182.8182
2016-04-11,'000905,中证500,6304.3004,6334.536,6226.381
2016-04-08,'000905,中证500,6168.7419,6199.1468,6087.104
2016-04-07,'000905,中证500,6228.9737,6355.3277,6228.9737
2016-04-06,'000905,中证500,6323.4342,6324.2045,6243.1129
2016-04-05,'000905,中证500,6286.5826,6293.4695,6117.1766
2016-04-01,'000905,中证500,6124.5278,6157.7401,6022.9698
2016-03-31,'000905,中证500,6155.8138,6211.1386,6133.5955
2016-03-30,'000905,中证500,6137.5034,6137.7915,5981.4209
2016-03-29,'000905,中证500,5921.8672,6041.3823,5875.0699
2016-03-28,'000905,中证500,6037.7782,6167.2381,6017.4883
2016-03-25,'000905,中证500,6077.4312,6081.0923,5996.5377
2016-03-24,'000905,中证500,6018.4242,6127.5122,6008.5416
2016-03-23,'000905,中证500,6118.9664,6119.3058,6031.2721
2016-03-22,'000905,中证500,6075.4922,6130.2647,6013.0489
2016-03-21,'000905,中证500,6099.4805,6100.032,6001.3219
2016-03-18,'000905,中证500,5949.2627,5967.4592,5768.9081
2016-03-17,'000905,中证500,5745.975,5759.5403,5579.725
2016-03-16,'000905,中证500,5562.8037,5689.281,5531.3341
2016-03-15,'000905,中证500,5639.8012,5701.5681,5608.9982
2016-03-14,'000905,中证500,5690.5904,5748.3333,5568.464
2016-03-11,'000905,中证500,5508.9818,5545.3432,5433.3223
2016-03-10,'000905,中证500,5521.948,5657.2629,5517.0161
2016-03-09,'000905,中证500,5617.0376,5709.5166,5583.0666
2016-03-08,'000905,中证500,5764.3253,5764.3253,5538.1512
2016-03-07,'000905,中证500,5752.5482,5788.4718,5681.8474
2016-03-04,'000905,中证500,5621.5614,5805.4085,5542.9828
2016-03-03,'000905,中证500,5776.977,5872.9242,5745.6227
2016-03-02,'000905,中证500,5753.1482,5763.7994,5462.7415
2016-03-01,'000905,中证500,5473.6349,5504.7514,5294.5438
2016-02-29,'000905,中证500,5350.4337,5618.5094,5286.3446
2016-02-26,'000905,中证500,5648.9376,5701.0506,5517.6299
2016-02-25,'000905,中证500,5626.0522,6097.5442,5604.1035
2016-02-24,'000905,中证500,6111.0427,6116.2549,5975.1403
2016-02-23,'000905,中证500,6070.4998,6118.6447,5982.211
2016-02-22,'000905,中证500,6103.7225,6111.6899,6029.4589
2016-02-19,'000905,中证500,5979.5164,6009.724,5919.6832
2016-02-18,'000905,中证500,5957.1305,6034.8519,5945.204
2016-02-17,'000905,中证500,5971.4123,5979.4073,5854.2197
2016-02-16,'000905,中证500,5902.5341,5918.5932,5694.7487
2016-02-15,'000905,中证500,5668.0398,5700.5221,5482.7957
2016-02-05,'000905,中证500,5664.1971,5747.9794,5662.4365
2016-02-04,'000905,中证500,5721.4853,5744.0236,5631.3198
2016-02-03,'000905,中证500,5610.1734,5634.9198,5482.2247
2016-02-02,'000905,中证500,5586.6266,5594.3607,5407.6681
2016-02-01,'000905,中证500,5399.4771,5493.9818,5319.7007
2016-01-29,'000905,中证500,5469.1254,5515.4864,5248.215
2016-01-28,'000905,中证500,5271.2325,5511.3206,5257.0812
2016-01-27,'000905,中证500,5514.1886,5628.1856,5240.6457
2016-01-26,'000905,中证500,5589.3069,5982.4993,5573.8266
2016-01-25,'000905,中证500,6041.3261,6093.2693,5976.3363
2016-01-22,'000905,中证500,5980.6111,6013.9706,5799.7117
2016-01-21,'000905,中证500,5886.8835,6191.3173,5886.8835
2016-01-20,'000905,中证500,6138.5031,6244.9612,6095.7216
2016-01-19,'000905,中证500,6197.0947,6203.3998,5956.2253
2016-01-18,'000905,中证500,5978.9076,6051.1817,5765.1458
2016-01-15,'000905,中证500,5893.682,6135.271,5852.241
2016-01-14,'000905,中证500,6124.82,6137.507,5726.883
2016-01-13,'000905,中证500,5924.044,6226.541,5924.044
2016-01-12,'000905,中证500,6136.663,6205.591,5994.636
2016-01-11,'000905,中证500,6128.656,6529.879,6128.223
2016-01-08,'000905,中证500,6570.432,6689.141,6222.593
2016-01-07,'000905,中证500,6462.243,6937.416,6454.973
2016-01-06,'000905,中证500,7065.607,7066.085,6878.654
2016-01-05,'000905,中证500,6889.741,7020.541,6627.642
2016-01-04,'000905,中证500,6983.404,7624.101,6983.285
2015-12-31,'000905,中证500,7617.689,7763.296,7617.385
2015-12-30,'000905,中证500,7741.047,7747.351,7664.281
2015-12-29,'000905,中证500,7674.388,7675.308,7545.352
2015-12-28,'000905,中证500,7603.361,7837.63,7603.361
2015-12-25,'000905,中证500,7792.124,7805.053,7738.867
2015-12-24,'000905,中证500,7753.037,7778.936,7635.784
2015-12-23,'000905,中证500,7773.283,7881.295,7756.328
2015-12-22,'000905,中证500,7856.608,7856.948,7752.697
2015-12-21,'000905,中证500,7788.564,7798.085,7692.096
2015-12-18,'000905,中证500,7699.37,7746.512,7650.556
2015-12-17,'000905,中证500,7716.246,7716.476,7570.67
2015-12-16,'000905,中证500,7529.403,7574.649,7503.086
2015-12-15,'000905,中证500,7498.181,7534.224,7447.108
2015-12-14,'000905,中证500,7441.03,7441.763,7210.41
2015-12-11,'000905,中证500,7290.702,7347.36,7253.842
2015-12-10,'000905,中证500,7350.21,7437.706,7332.98
2015-12-09,'000905,中证500,7374.274,7431.04,7322.867
2015-12-08,'000905,中证500,7404.142,7555.463,7398.558
2015-12-07,'000905,中证500,7602.228,7602.77,7476.191
2015-12-04,'000905,中证500,7511.675,7600.343,7464.277
2015-12-03,'000905,中证500,7570.508,7571.446,7412.655
2015-12-02,'000905,中证500,7405.86,7444.222,7201.659
2015-12-01,'000905,中证500,7443.945,7519.937,7358.365
2015-11-30,'000905,中证500,7408.399,7467.467,7035.547
2015-11-27,'000905,中证500,7376.124,7852.0,7317.645
2015-11-26,'000905,中证500,7874.08,7974.735,7859.633
2015-11-25,'000905,中证500,7922.384,7925.536,7795.164
2015-11-24,'000905,中证500,7798.498,7799.011,7635.781
2015-11-23,'000905,中证500,7744.182,7876.482,7710.054
2015-11-20,'000905,中证500,7806.266,7844.061,7720.164
2015-11-19,'000905,中证500,7718.622,7719.521,7538.281
2015-11-18,'000905,中证500,7526.942,7699.609,7504.989
2015-11-17,'000905,中证500,7650.381,7820.024,7635.924
2015-11-16,'000905,中证500,7718.855,7719.703,7431.74
2015-11-13,'000905,中证500,7567.108,7665.138,7478.413
2015-11-12,'000905,中证500,7682.452,7739.654,7579.672
2015-11-11,'000905,中证500,7684.666,7686.302,7556.372
2015-11-10,'000905,中证500,7575.008,7633.007,7486.847
2015-11-09,'000905,中证500,7543.801,7593.168,7350.861
2015-11-06,'000905,中证500,7446.847,7456.236,7284.706
2015-11-05,'000905,中证500,7276.451,7364.511,7225.645
2015-11-04,'000905,中证500,7267.988,7268.399,6953.867
2015-11-03,'000905,中证500,6920.103,6998.051,6860.439
2015-11-02,'000905,中证500,6936.432,7137.052,6914.147
2015-10-30,'000905,中证500,7084.971,7185.525,6984.501
2015-10-29,'000905,中证500,7108.975,7185.207,7011.863
2015-10-28,'000905,中证500,7048.895,7270.789,7019.609
2015-10-27,'000905,中证500,7231.436,7266.777,6900.438
2015-10-26,'000905,中证500,7186.755,7233.357,7088.568
2015-10-23,'000905,中证500,7138.234,7169.369,6988.551
2015-10-22,'000905,中证500,6964.298,6970.676,6700.619
2015-10-21,'000905,中证500,6712.739,7186.542,6689.268
2015-10-20,'000905,中证500,7162.075,7163.261,6996.564
2015-10-19,'000905,中证500,7047.372,7113.663,6951.799
2015-10-16,'000905,中证500,7047.56,7052.141,6883.199
2015-10-15,'000905,中证500,6929.237,6929.476,6694.067
2015-10-14,'000905,中证500,6724.496,6842.874,6709.345
2015-10-13,'000905,中证500,6802.077,6816.776,6650.615
2015-10-12,'000905,中证500,6718.722,6788.399,6501.759
2015-10-09,'000905,中证500,6470.051,6495.293,6353.042
2015-10-08,'000905,中证500,6372.492,6409.741,6281.531
2015-09-30,'000905,中证500,6123.727,6165.746,6066.834
2015-09-29,'000905,中证500,6103.606,6183.827,6065.854
2015-09-28,'000905,中证500,6219.692,6221.01,6020.457
2015-09-25,'000905,中证500,6108.376,6336.429,6064.723
2015-09-24,'000905,中证500,6315.11,6324.314,6227.39
2015-09-23,'000905,中证500,6224.601,6302.644,6162.972
2015-09-22,'000905,中证500,6295.926,6362.048,6215.572
2015-09-21,'000905,中证500,6250.439,6251.618,5943.59
2015-09-18,'000905,中证500,6036.881,6073.55,5934.096
2015-09-17,'000905,中证500,5965.409,6242.248,5965.409
2015-09-16,'000905,中证500,6084.837,6107.371,5704.122
2015-09-15,'000905,中证500,5708.03,5996.217,5689.971
2015-09-14,'000905,中证500,6049.79,6554.384,6018.444
2015-09-11,'000905,中证500,6493.319,6523.19,6385.309
2015-09-10,'000905,中证500,6440.309,6565.162,6407.119
2015-09-09,'000905,中证500,6551.007,6609.943,6380.25
2015-09-08,'000905,中证500,6374.855,6387.361,6014.568
2015-09-07,'000905,中证500,6143.557,6379.198,6094.49
2015-09-02,'000905,中证500,6122.553,6314.29,5866.664
2015-09-01,'000905,中证500,6169.207,6507.875,6161.032
2015-08-31,'000905,中证500,6581.313,6791.419,6578.354
2015-08-28,'000905,中证500,6842.894,6844.451,6512.697
2015-08-27,'000905,中证500,6456.055,6457.864,6099.167
2015-08-26,'000905,中证500,6238.526,6687.527,6165.107
2015-08-25,'000905,中证500,6481.412,6666.81,6467.814
2015-08-24,'000905,中证500,7006.189,7292.771,7003.655
2015-08-21,'000905,中证500,7612.902,8006.293,7583.704
2015-08-20,'000905,中证500,8049.512,8376.665,8049.512
2015-08-19,'000905,中证500,8340.983,8404.941,7667.319
2015-08-18,'000905,中证500,8161.269,8858.33,8140.91
2015-08-17,'000905,中证500,8820.457,8820.983,8582.829
2015-08-14,'000905,中证500,8625.242,8717.069,8548.337
2015-08-13,'000905,中证500,8534.429,8535.368,8237.892
2015-08-12,'000905,中证500,8336.337,8490.27,8320.054
2015-08-11,'000905,中证500,8435.327,8551.529,8356.523
2015-08-10,'000905,中证500,8394.086,8437.915,8079.877
2015-08-07,'000905,中证500,8013.319,8015.366,7855.684
2015-08-06,'000905,中证500,7792.028,7891.564,7633.289
2015-08-05,'000905,中证500,7839.338,8047.696,7773.924
2015-08-04,'000905,中证500,7942.095,7942.268,7532.829
2015-08-03,'000905,中证500,7540.205,7658.173,7370.043
2015-07-31,'000905,中证500,7727.061,7876.645,7634.538
2015-07-30,'000905,中证500,7800.58,8174.701,7766.462
2015-07-29,'000905,中证500,8022.796,8024.577,7472.633
2015-07-28,'000905,中证500,7649.82,7893.938,7261.607
2015-07-27,'000905,中证500,7794.181,8493.348,7791.6
2015-07-24,'000905,中证500,8425.074,8706.252,8348.418
2015-07-23,'000905,中证500,8551.991,8585.801,8288.842
2015-07-22,'000905,中证500,8320.236,8354.385,8075.595
2015-07-21,'000905,中证500,8220.463,8291.927,7937.629
2015-07-20,'000905,中证500,8116.496,8250.398,7931.651
2015-07-17,'000905,中证500,7994.697,8050.728,7620.162
2015-07-16,'000905,中证500,7578.759,7729.697,7078.71
2015-07-15,'000905,中证500,7405.295,7837.844,7391.96
2015-07-14,'000905,中证500,7859.057,8076.191,7772.393
2015-07-13,'000905,中证500,7695.635,7695.669,7502.551
2015-07-10,'000905,中证500,7244.784,7245.328,7081.354
2015-07-09,'000905,中证500,6896.352,6896.493,6525.121
2015-07-08,'000905,中证500,6602.374,6702.279,6444.248
2015-07-07,'000905,中证500,6763.526,7030.978,6763.118
2015-07-06,'000905,中证500,7235.999,7842.429,6883.614
2015-07-03,'000905,中证500,7355.491,7930.146,7249.309
2015-07-02,'000905,中证500,7835.104,8433.524,7787.099
2015-07-01,'000905,中证500,8411.91,9103.093,8385.433
2015-06-30,'000905,中证500,8906.02,8912.397,7882.329
2015-06-29,'000905,中证500,8484.643,9281.172,8339.33
2015-06-26,'000905,中证500,9078.065,9603.127,9059.358
2015-06-25,'000905,中证500,9906.104,10343.05,9771.89
2015-06-24,'000905,中证500,10267.63,10271.23,9950.618
2015-06-23,'000905,中证500,10046.88,10074.83,9333.91
2015-06-19,'000905,中证500,9987.407,10601.04,9968.992
2015-06-18,'000905,中证500,10731.38,11178.32,10714.33
2015-06-17,'000905,中证500,11100.55,11133.11,10497.69
2015-06-16,'000905,中证500,10879.84,11205.75,10768.62
2015-06-15,'000905,中证500,11332.89,11616.35,11304.04
2015-06-12,'000905,中证500,11545.89,11616.38,11400.65
2015-06-11,'000905,中证500,11366.29,11367.63,11155.95
2015-06-10,'000905,中证500,11208.06,11319.9,10830.33
2015-06-09,'000905,中证500,11013.7365,11089.2015,10861.5772
2015-06-08,'000905,中证500,11030.92,11157.18,10860.39
2015-06-05,'000905,中证500,11144.52,11236.15,10887.17
2015-06-04,'000905,中证500,10965.41,11023.34,10269.04
2015-06-03,'000905,中证500,10979.99,11055.21,10674.07
2015-06-02,'000905,中证500,10886.4,10887.88,10541.28
2015-06-01,'000905,中证500,10488.31,10488.89,10067.53
2015-05-29,'000905,中证500,9966.845,10140.1,9433.088
2015-05-28,'000905,中证500,9868.424,10637.91,9860.554
2015-05-27,'000905,中证500,10497.34,10539.75,10192.18
2015-05-26,'000905,中证500,10373.58,10373.84,10046.24
2015-05-25,'000905,中证500,10040.09,10040.71,9659.316
2015-05-22,'000905,中证500,9778.171,9821.811,9547.422
2015-05-21,'000905,中证500,9619.223,9620.095,9320.23
2015-05-20,'000905,中证500,9277.331,9429.22,9173.403
2015-05-19,'000905,中证500,9124.833,9125.515,8904.189
2015-05-18,'000905,中证500,8903.595,8929.944,8698.898
2015-05-15,'000905,中证500,8742.885,8828.115,8626.229
2015-05-14,'000905,中证500,8813.393,8878.47,8725.297
2015-05-13,'000905,中证500,8824.929,8909.575,8643.43
2015-05-12,'000905,中证500,8745.678,8746.21,8564.663
2015-05-11,'000905,中证500,8558.218,8558.801,8242.098
2015-05-08,'000905,中证500,8201.293,8201.804,7983.826
2015-05-07,'000905,中证500,7903.478,8076.23,7886.362
2015-05-06,'000905,中证500,8082.999,8359.296,8012.483
2015-05-05,'000905,中证500,8199.344,8501.119,8160.656
2015-05-04,'000905,中证500,8510.481,8532.654,8381.373
2015-04-30,'000905,中证500,8469.673,8551.465,8458.601
2015-04-29,'000905,中证500,8428.254,8449.701,8204.73
2015-04-28,'000905,中证500,8266.483,8543.33,8187.155
2015-04-27,'000905,中证500,8513.016,8576.483,8413.234
2015-04-24,'000905,中证500,8419.095,8453.341,8256.2
2015-04-23,'000905,中证500,8410.703,8447.925,8275.126
2015-04-22,'000905,中证500,8323.427,8333.821,8179.302
2015-04-21,'000905,中证500,8112.687,8113.021,7846.614
2015-04-20,'000905,中证500,7839.901,8051.47,7801.029
2015-04-17,'000905,中证500,7980.76,8032.075,7925.743
2015-04-16,'000905,中证500,7912.088,7976.121,7607.4
2015-04-15,'000905,中证500,7802.747,8093.134,7786.93
2015-04-14,'000905,中证500,8119.959,8192.238,8039.951
2015-04-13,'000905,中证500,8122.893,8143.382,7977.0
2015-04-10,'000905,中证500,7952.189,7971.622,7683.8
2015-04-09,'000905,中证500,7746.151,7818.2,7483.278
2015-04-08,'000905,中证500,7807.997,7920.983,7674.066
2015-04-07,'000905,中证500,7863.284,7863.595,7728.8
2015-04-03,'000905,中证500,7679.01,7682.723,7494.362
2015-04-02,'000905,中证500,7560.648,7561.201,7447.119
2015-04-01,'000905,中证500,7425.733,7430.945,7258.738
2015-03-31,'000905,中证500,7253.104,7328.851,7214.481
2015-03-30,'000905,中证500,7245.497,7259.541,7180.063
2015-03-27,'000905,中证500,7155.945,7167.37,7060.432
2015-03-26,'000905,中证500,7074.437,7171.621,6995.645
2015-03-25,'000905,中证500,7124.872,7170.826,7001.514
2015-03-24,'000905,中证500,7046.123,7055.1,6801.545
2015-03-23,'000905,中证500,7017.154,7017.481,6891.922
2015-03-20,'000905,中证500,6850.897,6862.375,6786.335
2015-03-19,'000905,中证500,6782.463,6783.14,6687.442
2015-03-18,'000905,中证500,6728.068,6728.506,6612.457
2015-03-17,'000905,中证500,6618.054,6635.096,6525.829
2015-03-16,'000905,中证500,6516.765,6517.031,6369.197
2015-03-13,'000905,中证500,6329.576,6329.701,6271.818
2015-03-12,'000905,中证500,6260.137,6288.517,6220.631
2015-03-11,'000905,中证500,6262.892,6281.191,6236.793
2015-03-10,'000905,中证500,6276.485,6299.281,6205.924
2015-03-09,'000905,中证500,6212.236,6212.57,6080.543
2015-03-06,'000905,中证500,6133.026,6234.114,6129.622
2015-03-05,'000905,中证500,6208.988,6217.788,6161.377
2015-03-04,'000905,中证500,6210.421,6211.089,6114.214
2015-03-03,'000905,中证500,6118.656,6199.497,6099.131
2015-03-02,'000905,中证500,6139.792,6139.792,6039.254
2015-02-27,'000905,中证500,6018.463,6025.115,5970.681
2015-02-26,'000905,中证500,5969.557,5970.06,5897.715
2015-02-25,'000905,中证500,5906.538,5952.709,5887.366
2015-02-17,'000905,中证500,5911.098,5914.285,5877.948
2015-02-16,'000905,中证500,5869.713,5870.082,5786.038
2015-02-13,'000905,中证500,5769.272,5789.382,5709.156
2015-02-12,'000905,中证500,5681.341,5689.743,5640.858
2015-02-11,'000905,中证500,5641.786,5642.297,5587.44
2015-02-10,'000905,中证500,5580.704,5581.341,5500.535
2015-02-09,'000905,中证500,5504.974,5551.898,5492.546
2015-02-06,'000905,中证500,5534.785,5657.662,5510.763
2015-02-05,'000905,中证500,5654.217,5745.136,5654.217
2015-02-04,'000905,中证500,5683.519,5734.328,5680.833
2015-02-03,'000905,中证500,5707.476,5708.281,5627.399
2015-02-02,'000905,中证500,5609.389,5652.667,5539.523
2015-01-30,'000905,中证500,5632.728,5735.932,5631.565
2015-01-29,'000905,中证500,5701.205,5739.486,5670.505
2015-01-28,'000905,中证500,5739.919,5798.571,5722.494
2015-01-27,'000905,中证500,5773.816,5783.99,5670.431
2015-01-26,'000905,中证500,5758.979,5759.367,5636.204
2015-01-23,'000905,中证500,5633.289,5699.726,5611.066
2015-01-22,'000905,中证500,5690.156,5690.43,5610.09
2015-01-21,'000905,中证500,5611.694,5611.982,5490.526
2015-01-20,'000905,中证500,5472.514,5472.736,5303.181
2015-01-19,'000905,中证500,5281.895,5475.66,5222.04
2015-01-16,'000905,中证500,5520.123,5520.785,5454.239
2015-01-15,'000905,中证500,5449.038,5449.255,5380.336
2015-01-14,'000905,中证500,5379.738,5417.802,5350.165
2015-01-13,'000905,中证500,5405.091,5407.629,5333.968
2015-01-12,'000905,中证500,5332.221,5386.584,5303.732
2015-01-09,'000905,中证500,5409.058,5497.689,5409.058
2015-01-08,'000905,中证500,5444.037,5497.744,5418.011
2015-01-07,'000905,中证500,5488.242,5492.825,5436.918
2015-01-06,'000905,中证500,5479.864,5482.124,5354.338
2015-01-05,'000905,中证500,5417.017,5427.231,5314.339
