open,high,close,low,volume,price_change,p_change,ma5,ma10,ma20,v_ma5,v_ma10,v_ma20
3439.36,3440.56,3416.14,3402.38,417616.34,-2.14,-0.06,3379.046,3338.666,3345.895,360667.52,343320.53,325993.75
3382.8,3428.13,3418.28,3382.8,439181.41,59.16,1.76,3357.314,3326.461,3344.432,345315.18,327138.41,319077.06
3380.2,3380.2,3359.12,3339.47,350319.44,-10.38,-0.31,3326.838,3315.103,3342.912,326809.69,317870.41,317004.77
3366.4,3386.98,3369.5,3345.2,312771.09,37.31,1.12,3311.09,3313.852,3339.299,328220.03,316750.04,311801.0
3311.54,3340.53,3332.19,3301.32,283449.31,24.71,0.75,3302.078,3313.855,3332.445,326103.72,312871.79,307509.92
3284.04,3324.41,3307.48,3282.55,340854.66,41.58,1.27,3298.286,3318.378,3327.902,325973.54,315856.36,302851.32
3280.62,3298.08,3265.9,3249.96,346653.97,-14.48,-0.44,3295.608,3323.98,3325.053,308961.63,308163.42,296295.78
3321.94,3332.87,3280.38,3271.27,357371.12,-44.06,-1.32,3303.368,3332.821,3323.247,308931.12,314762.73,289418.19
3278.98,3351.12,3324.44,3277.57,302189.53,11.21,0.34,3316.614,3342.8,3320.164,305280.04,313957.96,284373.43
3295.44,3324.8,3313.23,3285.04,282798.44,19.14,0.58,3325.632,3347.496,3317.729,299639.86,311124.18,279497.85
3298.06,3305.61,3294.09,3281.62,255795.09,-10.61,-0.32,3338.47,3353.123,3315.593,305739.17,308666.96,278767.96
3320.03,3328.68,3304.7,3288.58,346501.44,-41.91,-1.25,3352.352,3362.403,3316.468,307365.21,311015.71,280878.01
3364.6,3395.41,3346.61,3346.61,339115.72,-22.92,-0.68,3362.274,3370.721,3318.622,320594.33,316139.14,285841.92
3370.08,3378.65,3369.53,3328.32,273988.59,-7.89,-0.23,3368.986,3364.746,3314.526,322635.87,306851.96,280597.67
3372.69,3380.05,3377.42,3351.72,313295.03,13.92,0.41,3369.36,3351.035,3310.829,322608.49,302148.05,278012.84
3352.03,3365.18,3363.5,3340.84,263925.28,9.19,0.27,3367.776,3337.425,3307.84,311594.74,289846.29,273006.3
3398.75,3430.56,3354.31,3349.16,412647.03,-25.86,-0.77,3372.454,3326.125,3304.372,314666.21,284428.13,270372.98
3374.17,3400.42,3380.17,3362.18,349323.44,8.77,0.26,3379.168,3313.672,3299.932,311683.95,264073.65,261495.77
3369.72,3392.93,3371.4,3363.81,273851.69,1.9,0.06,3360.506,3297.527,3293.198,291068.05,254788.9,259016.52
3380.56,3380.56,3369.5,3359.62,258226.28,-17.39,-0.51,3332.71,3287.961,3286.413,281687.6,247871.53,260372.22
3381.64,3391.99,3386.89,3363.98,279282.62,-0.99,-0.03,3307.074,3278.063,3282.434,268097.83,248868.96,263651.19
3302.98,3388.6,3387.88,3302.62,397735.72,101.02,3.07,3279.796,3270.533,3275.761,254190.06,250740.3,265977.08
3281.46,3296.67,3286.86,3274.19,246243.94,54.44,1.68,3248.176,3266.523,3271.827,216463.35,255544.69,260409.07
3252.59,3269.31,3232.42,3218.55,226949.45,-8.9,-0.28,3234.548,3264.306,3274.205,218509.74,254343.38,263723.06
3266.01,3266.94,3241.32,3241.32,190277.44,-9.18,-0.28,3243.212,3270.622,3279.949,214055.46,253877.64,270131.74
3237.3,3268.26,3250.5,3237.3,209743.73,20.72,0.64,3249.052,3278.254,3285.638,229640.09,256166.32,275851.09
3232.69,3244.03,3229.78,3219.31,209102.2,11.06,0.34,3261.27,3282.619,3290.307,247290.55,256317.82,289316.48
3259.12,3264.83,3218.72,3214.7,256475.88,-57.02,-1.74,3284.87,3286.191,3297.24,294626.03,258917.88,298365.72
3271.47,3284.4,3275.74,3256.18,204678.06,5.22,0.16,3294.064,3288.869,3300.844,290177.02,263244.14,299609.83
3285.77,3319.95,3270.52,3260.49,268200.59,-41.07,-1.24,3298.032,3284.865,3300.951,293699.82,272872.91,305837.14
3359.23,3360.92,3311.59,3311.11,297996.0,-36.19,-1.08,3307.456,3286.804,3302.967,282692.54,278433.41,306652.09
3267.63,3347.78,3347.78,3264.33,445779.62,83.09,2.54,3303.968,3280.988,3302.324,265345.09,281213.87,306585.37
3286.15,3287.26,3264.69,3253.52,234230.81,-30.89,-0.94,3287.512,3277.131,3299.171,223209.73,265273.45,298321.46
3314.21,3322.32,3295.58,3283.88,222292.06,-22.06,-0.67,3283.674,3284.103,3299.163,236311.26,273102.73,305136.37
3291.2,3321.18,3317.64,3275.06,213164.2,23.49,0.71,3271.698,3289.275,3299.767,252046.0,286385.84,316231.49
3283.93,3298.93,3294.15,3275.3,211258.77,28.65,0.88,3266.152,3293.021,3302.252,274174.29,295535.87,329295.35
3238.47,3270.59,3265.5,3230.32,235102.8,20.0,0.62,3258.008,3297.995,3305.987,297082.64,322315.14,356681.93
3264.32,3273.9,3245.5,3239.58,299738.47,9.8,0.3,3266.75,3308.289,3307.137,307337.17,337813.56,363300.53
3253.5,3267.86,3235.7,3217.15,300965.78,-54.21,-1.65,3284.532,3312.818,3306.954,309894.2,335975.52,366859.64
3267.31,3296.14,3289.91,3249.25,323805.62,36.48,1.12,3306.852,3317.037,3307.656,320725.67,338801.38,377323.83
3303.64,3328.72,3253.43,3243.43,325800.53,-55.78,-1.69,3319.89,3319.13,3306.302,316897.44,334870.77,388044.95
3293.49,3314.55,3309.21,3283.31,286375.47,-25.2,-0.76,3337.982,3323.659,3307.918,347547.65,331956.87,398390.62
3349.26,3374.01,3334.41,3322.9,312523.62,-12.89,-0.39,3349.828,3321.211,3305.645,368289.95,331369.46,408562.37
3371.57,3373.35,3347.3,3316.5,355123.09,-7.8,-0.23,3341.104,3314.223,3303.535,362056.83,337170.0,417409.07
3333.21,3355.1,3355.1,3328.12,304664.5,11.21,0.34,3327.222,3310.259,3300.785,356877.09,346077.14,422442.55
3386.62,3408.58,3343.89,3343.21,479051.56,-24.55,-0.73,3318.37,3311.482,3298.637,352844.1,363054.84,438479.57
3296.52,3372.74,3368.44,3286.14,390087.0,77.65,2.36,3309.336,3313.978,3295.497,316366.09,391048.72,438676.5
3286.78,3291.68,3290.79,3257.57,281358.0,12.9,0.39,3292.594,3305.985,3289.542,294448.97,388787.5,440621.1
3308.93,3327.82,3277.89,3269.09,329224.38,-32.95,-0.99,3287.342,3301.09,3286.579,312283.17,397743.77,444607.68
3312.03,3335.03,3310.84,3300.2,284499.56,12.12,0.37,3293.296,3298.275,3284.853,335277.19,415846.28,449970.8
3306.56,3320.97,3298.72,3291.66,296661.5,13.99,0.43,3304.594,3293.473,3278.606,373265.59,441219.12,453601.05
3287.43,3299.94,3284.73,3261.55,280501.41,20.2,0.62,3318.62,3292.177,3271.831,465731.35,464824.37,457581.7
3285.2,3288.21,3264.53,3252.18,370529.0,-43.13,-1.3,3319.376,3290.079,3265.509,483126.02,485755.28,473875.7
3361.72,3366.68,3307.66,3306.33,444194.47,-59.67,-1.77,3314.838,3292.846,3266.488,483204.37,497648.13,483182.04
3369.87,3377.52,3367.33,3350.78,474441.56,-1.52,-0.04,3303.254,3291.311,3265.673,496415.37,498807.97,488174.19
3300.9,3397.5,3368.85,3299.21,758990.31,80.34,2.44,3282.352,3285.791,3261.647,509172.66,513904.29,486708.11
3236.95,3292.03,3288.51,3230.21,367474.78,46.67,1.44,3265.734,3277.016,3257.601,463917.39,486304.28,480282.36
3261.13,3265.51,3241.84,3230.17,370920.72,-7.9,-0.24,3260.782,3273.099,3252.47,488384.54,492454.71,486633.17
3255.54,3266.58,3249.74,3199.55,510249.47,-13.08,-0.4,3270.854,3272.067,3248.479,512091.9,491471.58,505428.67
3291.34,3333.75,3262.82,3257.37,538228.0,-22.94,-0.7,3279.368,3271.431,3251.68,501200.57,484095.33,515122.21
3250.54,3309.98,3285.76,3232.09,532714.0,22.01,0.67,3289.23,3263.738,3255.941,518635.92,465982.98,526604.01
3277.44,3288.79,3263.75,3219.42,489810.5,-28.45,-0.86,3288.298,3251.485,3261.159,508691.17,450339.03,539980.4
3295.43,3311.36,3292.2,3243.65,489457.53,-0.11,-0.0,3285.416,3240.939,3265.56,496524.89,461996.12,555013.14
3298.14,3300.9,3292.31,3257.29,455792.84,-19.82,-0.6,3273.28,3240.13,3273.051,470851.27,468715.95,573007.48
3293.92,3329.56,3312.13,3279.14,625404.75,31.03,0.95,3263.494,3240.035,3279.933,466990.08,477540.42,595946.44
3271.18,3284.79,3281.1,3251.82,482990.25,31.76,0.98,3238.246,3237.503,3283.414,413330.03,459511.92,618988.27
3226.42,3284.38,3249.34,3199.91,428979.06,17.82,0.55,3214.672,3238.185,3288.066,391986.89,474260.44,655922.7
3252.2,3263.19,3231.52,3231.36,361089.44,-11.86,-0.37,3196.462,3231.84,3283.557,427467.36,480811.63,673578.46
3184.72,3245.7,3243.38,3171.04,436486.91,57.49,1.8,3206.98,3224.891,3276.193,466580.63,519385.75,689135.89
3188.96,3205.57,3185.89,3168.9,357104.5,22.66,0.72,3216.576,3231.929,3264.517,488090.75,546149.09,688645.58
3178.05,3194.14,3163.23,3136.03,376274.56,4.94,0.16,3236.76,3248.143,3252.326,505693.81,587225.04,684298.15
3265.52,3270.56,3158.29,3136.64,606381.38,-125.82,-3.83,3261.698,3270.832,3240.439,556533.98,629621.77,681726.11
3263.07,3303.43,3284.11,3224.51,556655.81,-7.25,-0.22,3267.218,3290.181,3229.698,534155.9,648030.15,666496.83
3278.74,3354.72,3291.36,3273.81,544037.5,4.55,0.14,3242.802,3305.972,3211.763,572190.88,677299.01,652434.1
3302.72,3305.2,3286.81,3272.47,445119.81,-1.11,-0.03,3247.282,3319.83,3193.29,604207.44,714352.47,643863.72
3219.92,3293.63,3287.92,3189.47,630475.38,102.03,3.2,3259.526,3329.325,3175.246,668756.26,778464.63,640176.41
3181.7,3223.54,3185.89,3151.22,494491.0,23.86,0.76,3279.966,3337.947,3155.298,702709.56,837584.96,622469.79
3313.56,3326.69,3162.03,3162.03,746830.69,-151.73,-4.58,3313.144,3335.274,3140.06,761904.4,866345.28,608867.55
3363.92,3374.29,3313.76,3303.15,704120.31,-34.27,-1.02,3369.142,3327.495,3125.908,782407.14,858886.02,583635.18
3374.07,3391.9,3348.03,3310.89,767863.94,-42.09,-1.24,3392.378,3297.105,3102.151,824497.5,831142.06,563084.41
3338.71,3421.94,3390.12,3327.7,800241.88,38.34,1.14,3399.124,3256.509,3078.955,888172.99,781371.26,541739.19
3404.0,3411.09,3351.78,3338.59,790465.19,-90.24,-2.62,3395.928,3210.045,3053.275,972460.36,733830.45,516226.37
3426.6,3451.93,3442.02,3403.73,849344.38,12.08,0.35,3357.404,3169.214,3031.11,970786.16,684963.5,488061.94
3378.11,3466.63,3429.94,3371.59,914572.12,48.18,1.43,3285.848,3117.554,3005.424,935364.9,627569.19,457795.16
3438.86,3465.47,3381.76,3381.76,1086241.38,7.62,0.23,3201.832,3066.749,2979.406,837786.61,573374.97,426716.87
3198.74,3384.87,3374.14,3198.74,1221678.75,214.98,6.8,3113.894,3021.167,2955.136,674569.53,501888.19,383039.65
3101.39,3159.17,3159.16,3101.26,782094.19,74.92,2.43,3024.162,2972.649,2930.597,495200.54,407354.62,332903.08
3005.36,3088.96,3084.24,3003.78,672238.06,74.38,2.47,2981.024,2944.846,2917.094,399140.84,351389.81,307718.86
2950.49,3010.36,3009.86,2941.38,426680.69,67.79,2.3,2949.26,2924.321,2907.178,319773.49,308384.34,287458.92
2933.93,2951.12,2942.07,2928.68,270155.97,16.59,0.57,2931.666,2907.196,2900.203,308963.32,295026.77,280341.61
2935.54,2942.49,2925.48,2909.45,324833.78,-17.99,-0.61,2928.44,2901.401,2893.433,329206.85,302107.11,277569.33
2928.52,2947.19,2943.47,2926.84,301795.72,18.05,0.62,2921.136,2896.504,2887.642,319508.7,298622.28,272799.32
2913.01,2929.8,2925.42,2902.12,275401.28,3.53,0.12,2908.668,2893.005,2880.242,303638.78,291160.37,267589.51
2921.3,2947.61,2921.89,2912.49,372629.84,-4.05,-0.14,2899.382,2893.293,2874.413,296995.19,288021.13,262874.65
2891.31,2933.9,2925.94,2888.92,371373.62,36.98,1.28,2882.726,2892.063,2867.804,281090.21,280058.77,253580.62
2872.17,2892.12,2888.96,2860.5,276343.03,7.83,0.27,2874.362,2889.104,2860.298,275007.38,264191.11,247997.59
2879.85,2882.1,2881.13,2864.16,222446.12,2.14,0.07,2871.872,2888.544,2858.191,277735.86,258451.54,243716.02
2867.71,2879.53,2878.99,2861.01,242183.33,40.38,1.42,2877.342,2889.342,2856.941,278681.97,264047.9,242568.32
2862.49,2875.03,2838.61,2838.61,293104.97,-45.51,-1.58,2887.204,2890.035,2856.025,279047.06,266533.51,241811.92
2840.8,2884.99,2884.12,2837.55,340959.44,7.61,0.27,2901.4,2893.21,2855.953,279027.32,265656.46,238470.1
2899.49,2907.66,2876.51,2867.2,289985.44,-31.97,-1.1,2903.846,2885.464,2852.732,253374.84,253031.54,231157.42
2925.17,2925.17,2908.48,2905.21,227176.66,-19.82,-0.68,2905.216,2878.779,2850.633,239167.21,246976.37,226567.32
2911.95,2931.54,2928.3,2905.84,244008.8,18.71,0.64,2901.342,2867.479,2848.594,249413.83,244018.66,224371.31
2907.68,2925.2,2909.59,2904.03,293006.28,13.24,0.46,2892.866,2855.533,2845.659,254019.96,237728.18,222835.95
2886.23,2896.35,2896.35,2871.87,212697.02,12.99,0.45,2885.02,2843.545,2843.772,252285.59,227102.48,220840.13
2900.96,2902.9,2883.36,2876.44,218947.3,-5.75,-0.2,2867.082,2831.491,2842.605,252688.24,231804.08,223723.87
2900.87,2922.78,2889.11,2889.08,278409.75,3.19,0.11,2852.342,2827.837,2841.158,254785.52,228980.49,224727.5
2864.53,2890.81,2885.92,2862.68,267039.44,15.56,0.54,2833.616,2824.54,2839.895,238623.48,221088.75,228536.91
2832.22,2873.05,2870.36,2832.22,284334.44,63.7,2.27,2818.2,2822.015,2838.695,221436.41,217090.32,230379.46
2791.62,2813.82,2806.66,2788.87,214710.27,-3.0,-0.11,2802.07,2818.696,2837.417,201919.37,211283.74,228877.81
2797.37,2830.46,2809.66,2785.32,229433.72,14.18,0.51,2795.9,2819.999,2838.341,210919.92,209283.3,231684.41
2810.47,2814.56,2795.48,2790.84,197599.53,-13.36,-0.48,2803.332,2822.486,2838.119,203175.46,206158.27,231786.29
2806.25,2811.83,2808.84,2796.85,181104.09,19.13,0.69,2815.464,2829.709,2837.146,203554.02,204723.97,231863.7
2784.43,2789.82,2789.71,2762.3,186749.23,13.9,0.5,2825.83,2835.785,2836.587,212744.23,207943.71,235073.28
2840.88,2841.11,2775.81,2775.31,259713.02,-71.01,-2.49,2835.322,2843.999,2837.314,220648.12,214577.78,236083.1
2866.74,2867.91,2846.82,2844.14,190711.45,-9.32,-0.33,2844.098,2853.719,2837.75,207646.67,215643.66,235569.29
2861.59,2864.67,2856.14,2847.26,199492.3,-4.53,-0.16,2841.64,2854.479,2836.398,209141.07,220474.51,239847.49
2869.23,2872.7,2860.67,2854.89,227055.16,23.5,0.83,2843.954,2855.25,2834.045,205893.92,235985.07,247307.74
2821.73,2849.85,2837.17,2813.26,226268.66,17.48,0.62,2845.74,2855.374,2829.425,203143.18,243668.6,247463.17
2845.91,2849.17,2819.69,2818.37,194705.8,-14.84,-0.52,2852.676,2856.138,2825.791,208507.45,246471.87,247675.48
2854.78,2854.78,2834.53,2833.95,198183.44,-33.18,-1.16,2863.34,2856.683,2824.092,223640.64,254085.52,251301.69
2860.82,2869.7,2867.71,2845.34,183256.52,-1.89,-0.07,2867.318,2853.752,2819.324,231807.96,257414.32,250986.35
2871.31,2880.5,2869.6,2855.02,213301.5,-2.25,-0.08,2866.546,2844.583,2813.431,266076.21,259003.44,254545.92
2876.77,2897.99,2871.85,2864.96,253089.98,-1.16,-0.04,2865.008,2837.389,2807.581,284194.02,262202.85,255791.1
2864.86,2883.69,2873.01,2858.11,270371.78,18.59,0.65,2859.6,2830.628,2801.183,284436.29,257588.41,255837.43
2860.96,2863.16,2854.42,2845.66,239020.0,-9.43,-0.33,2850.026,2821.78,2795.403,284530.39,255494.91,260296.17
2823.29,2865.11,2863.85,2823.27,354597.81,1.94,0.07,2840.186,2818.317,2788.123,283020.67,259220.47,260567.45
2851.14,2882.7,2861.91,2851.14,303890.53,17.1,0.6,2822.62,2812.84,2780.925,251930.66,258630.41,257203.01
2814.6,2852.1,2844.81,2814.07,254301.34,19.67,0.7,2809.77,2803.475,2771.933,240211.68,251257.74,255768.17
2814.23,2832.06,2825.14,2781.15,270842.28,19.92,0.71,2801.656,2795.443,2764.162,230740.53,248879.1,258202.62
2786.47,2818.54,2805.22,2783.17,231471.41,29.2,1.05,2793.534,2791.501,2757.407,226459.43,248517.87,261685.36
2789.05,2789.05,2776.02,2770.34,199147.73,-21.64,-0.77,2796.448,2784.896,2752.218,235420.27,244558.39,267805.26
2813.73,2820.24,2797.66,2794.46,245295.62,-6.58,-0.23,2803.06,2782.279,2747.881,265330.16,250088.41,271960.88
2774.44,2804.24,2804.24,2768.4,206945.62,19.71,0.71,2797.18,2777.772,2743.007,262303.8,249379.34,278941.7
2808.91,2808.91,2784.53,2767.27,249436.77,-35.26,-1.25,2789.23,2771.737,2734.764,267017.67,254086.46,287028.62
2812.8,2821.01,2819.79,2799.92,276275.62,10.71,0.38,2789.468,2769.025,2723.519,270576.3,265097.43,290831.65
2790.83,2825.96,2809.08,2782.71,348697.19,40.82,1.48,2773.344,2757.928,2713.95,253696.5,261914.43,295633.58
2751.69,2771.43,2768.26,2750.29,230163.8,3.77,0.14,2761.498,2749.009,2701.986,234846.65,255775.6,302960.49
2783.28,2788.09,2764.49,2761.44,230514.95,-21.23,-0.76,2758.364,2740.391,2694.86,236454.88,260278.59,310292.99
2756.5,2785.8,2785.72,2745.99,267229.94,46.55,1.7,2754.244,2732.88,2690.915,241155.25,267526.14,319533.59
2740.09,2749.48,2739.17,2731.03,191876.62,-10.68,-0.39,2748.582,2723.312,2686.33,259618.56,274852.85,329657.7
2755.2,2787.28,2749.85,2742.52,254447.94,-2.74,-0.1,2742.512,2719.539,2689.31,270132.35,291052.13,344594.55
2754.72,2760.59,2752.59,2749.42,238204.97,8.7,0.32,2736.52,2713.482,2693.917,276704.55,293833.36,350383.97
2742.36,2753.49,2743.89,2736.09,254016.77,-13.52,-0.49,2722.418,2708.242,2700.705,284102.3,308504.06,356694.75
2756.27,2762.31,2757.41,2743.16,359546.5,48.59,1.79,2711.516,2697.791,2709.722,293897.03,319970.79,368019.18
2707.82,2720.84,2708.82,2697.83,244445.59,-11.07,-0.41,2698.042,2678.012,2715.293,290087.14,316565.86,379474.23
2667.94,2719.89,2719.89,2665.81,287308.94,37.81,1.41,2696.566,2669.972,2728.093,311971.91,329352.74,388179.59
2684.5,2722.32,2682.08,2680.08,275193.72,-7.3,-0.27,2690.444,2654.962,2743.002,310962.16,350145.38,404063.13
2713.5,2716.02,2689.38,2684.21,302990.38,-0.66,-0.03,2694.066,2649.329,2756.277,332905.81,360307.4,411588.22
2667.12,2696.33,2690.04,2664.72,340497.06,-11.4,-0.42,2684.066,2648.95,2767.88,346044.56,371541.05,423019.4
2722.47,2733.52,2701.44,2701.44,353869.44,12.16,0.45,2657.982,2649.348,2778.772,343044.59,384462.55,433436.93
2676.62,2716.34,2689.28,2673.44,282260.22,-10.91,-0.4,2643.378,2659.081,2784.752,346733.58,398136.96,444983.44
2700.1,2711.12,2700.19,2681.09,384911.94,60.81,2.3,2619.48,2674.351,2795.89,389328.59,406934.57,451946.55
2608.24,2641.87,2639.38,2592.61,368684.12,79.76,3.12,2604.592,2693.168,2805.964,387708.98,404885.44,464183.47
2548.85,2586.11,2559.62,2548.0,325497.22,-68.8,-2.62,2613.834,2721.652,2819.461,397037.55,416067.56,472328.24
2597.98,2636.14,2628.42,2580.36,372314.38,58.63,2.28,2640.714,2752.573,2837.982,425880.51,442382.59,480372.17
2611.75,2630.05,2569.79,2517.3,495235.28,-55.96,-2.13,2674.784,2786.214,2854.968,449540.35,447006.44,485216.52
2695.42,2724.3,2625.75,2625.6,376813.91,-59.84,-2.23,2729.222,2831.042,2875.387,424540.56,457980.88,485569.68
2696.7,2734.8,2685.59,2629.18,415326.94,-8.43,-0.31,2781.744,2863.224,2890.288,422061.9,462869.04,486864.12
2800.0,2800.18,2694.02,2689.9,469712.06,-104.75,-3.74,2829.47,2886.809,2902.228,435097.57,474497.74,485147.26
2720.61,2826.72,2798.77,2715.14,490613.56,-43.21,-1.52,2864.432,2908.196,2915.031,458884.66,482411.31,484309.93
2858.51,2866.14,2841.98,2828.29,370236.31,-46.38,-1.61,2897.644,2910.423,2919.845,444472.52,491829.92,477342.25
2927.83,2927.83,2888.36,2888.36,364420.62,-35.86,-1.23,2932.862,2917.429,2921.52,491421.2,496958.54,477547.81
2859.87,2935.09,2924.22,2852.93,480505.31,55.39,1.93,2944.704,2918.76,2921.882,503676.18,523481.51,474942.16
2908.63,2908.63,2868.83,2864.49,588647.5,-96.0,-3.24,2944.148,2917.27,2919.664,513897.91,528588.93,468931.01
2989.76,2999.49,2964.83,2962.4,418552.88,-53.24,-1.76,2951.96,2923.39,2918.725,505937.96,518361.75,456326.1
2966.69,3023.12,3018.07,2956.65,604979.69,70.5,2.39,2923.202,2923.721,2913.069,539187.31,523426.61,452620.27
2921.07,2949.57,2947.57,2919.37,425695.5,26.13,0.89,2901.996,2919.732,2904.91,502495.87,513158.49,443438.42
2941.68,2948.55,2921.44,2910.76,531614.0,13.55,0.47,2892.816,2917.351,2898.177,543286.84,510859.19,444244.67
2837.77,2922.95,2907.89,2837.77,548847.75,86.85,3.08,2890.392,2917.647,2891.838,543279.94,495796.78,446172.16
2860.28,2880.79,2821.04,2818.43,584799.62,-91.0,-3.12,2894.82,2921.865,2882.798,530785.53,486208.54,448034.36
2904.87,2927.2,2912.04,2903.75,421522.5,10.37,0.36,2924.24,2929.267,2888.37,507665.91,462854.58,440214.06
2877.46,2930.02,2901.67,2872.83,629650.31,-7.65,-0.26,2937.468,2925.611,2893.662,523821.11,458137.09,435717.81
2891.98,2912.16,2909.32,2869.64,531579.5,-20.71,-0.71,2941.886,2925.003,2899.184,478431.55,426402.81,420635.94
2949.98,2953.29,2930.03,2922.16,486375.72,-38.11,-1.28,2944.902,2922.057,2907.018,448313.63,409273.1,407694.39
2965.6,2991.06,2968.14,2959.51,469201.53,-10.04,-0.34,2948.91,2914.06,2913.175,441631.55,394290.46,395027.86
2931.37,2981.27,2978.18,2920.8,502298.47,54.42,1.86,2934.294,2902.417,2916.922,418043.24,381813.94,385723.95
2917.12,2942.35,2923.76,2914.59,402702.53,-0.64,-0.02,2913.754,2890.088,2920.914,392453.07,373718.34,374667.07
2940.65,2944.43,2924.4,2914.96,380989.91,-25.67,-0.87,2908.12,2879.002,2928.756,374374.06,377630.16,372096.45
2901.69,2950.28,2950.07,2898.59,452965.31,55.01,1.9,2899.212,2866.028,2937.042,370232.57,396547.53,367712.37
2870.71,2900.2,2895.06,2870.63,351259.97,19.58,0.68,2879.21,2843.73,2942.933,346949.37,409860.18,359335.3
2898.4,2906.72,2875.48,2871.26,374347.62,-20.11,-0.69,2870.54,2847.473,2951.557,345584.64,417573.54,358347.56
2876.67,2895.93,2895.59,2870.77,312307.5,15.73,0.55,2866.422,2861.713,2959.676,354983.61,413298.54,358457.06
2858.92,2893.07,2879.86,2854.07,360282.44,29.8,1.05,2849.884,2873.365,2968.597,380886.25,414869.08,360027.58
2826.8,2854.83,2850.06,2817.77,336549.34,-1.65,-0.06,2832.844,2891.978,2977.446,422862.5,406115.68,365867.37
2836.8,2851.82,2851.71,2819.67,344436.28,-3.18,-0.11,2808.25,2912.289,2988.857,472770.99,395765.26,367632.65
2829.51,2866.39,2854.89,2809.37,421342.5,41.99,1.49,2824.406,2931.427,3000.813,489562.44,389633.96,375429.04
2803.74,2833.21,2812.9,2782.42,441820.69,18.24,0.65,2857.004,2951.739,3011.23,471613.46,375615.79,369898.93
2724.13,2796.71,2794.66,2724.13,570163.69,67.57,2.48,2896.846,2978.509,3023.722,448851.91,366562.74,369641.22
2676.01,2755.84,2727.09,2676.01,586091.81,-205.4,-7.0,2951.112,3008.056,3034.878,389368.87,338877.21,358343.17
2993.77,2993.77,2932.49,2910.39,428393.53,-85.39,-2.83,3016.328,3042.135,3049.106,318759.53,308810.41,340566.5
2996.81,3023.9,3017.88,2965.66,331597.59,5.77,0.19,3038.448,3055.641,3051.781,289705.47,299121.58,329839.26
3048.95,3050.82,3012.11,3011.18,328012.91,-53.88,-1.76,3046.474,3057.638,3050.726,279618.12,303615.59,324397.1
3070.67,3072.29,3065.99,3054.45,272748.5,12.82,0.42,3060.172,3063.829,3049.332,284273.57,305186.09,321721.47
3054.04,3067.56,3053.17,3042.59,233045.14,10.08,0.33,3065.0,3062.914,3046.664,288385.54,325619.06,320630.16
3067.95,3068.2,3043.09,3039.07,283123.19,-14.92,-0.49,3067.942,3065.425,3044.891,298861.29,339500.04,322442.45
3078.25,3086.97,3058.01,3052.7,281160.88,-22.59,-0.73,3072.834,3070.199,3044.026,308537.68,361224.12,324532.6
3097.72,3108.18,3080.6,3078.46,351290.16,-9.53,-0.31,3068.802,3070.72,3042.782,327613.05,364182.07,334148.22
3069.68,3090.13,3090.13,3054.88,293308.34,22.25,0.72,3067.486,3068.935,3038.712,326098.6,372719.7,333298.61
3079.08,3081.96,3067.88,3058.16,285423.88,0.33,0.01,3060.828,3061.7,3034.521,362852.58,377809.14,339580.48
3060.77,3071.54,3067.55,3055.99,331505.16,29.7,0.98,3062.908,3056.076,3028.029,380138.8,372322.58,335654.21
3058.36,3058.7,3037.85,3030.1,376537.72,-36.17,-1.18,3067.564,3047.921,3022.134,413910.55,360556.94,330875.45
3063.75,3080.27,3074.02,3061.56,343717.88,17.18,0.56,3072.638,3043.813,3017.091,400751.09,345178.62,322171.61
3062.28,3090.84,3056.84,3040.19,477078.28,-21.44,-0.7,3070.384,3034.835,3010.042,419340.81,338256.85,317502.76
3097.25,3097.41,3078.28,3072.11,371854.94,-12.55,-0.41,3062.572,3030.414,3004.191,392765.7,315641.25,304340.64
3073.93,3107.52,3090.83,3073.93,500363.91,27.61,0.9,3049.244,3024.357,2996.375,364506.36,305384.85,296980.15
3057.3,3065.38,3063.22,3043.93,310740.44,0.47,0.01,3028.278,3017.852,2986.887,307203.33,287841.08,281681.04
3016.2,3065.25,3062.75,3007.96,436666.47,44.97,1.49,3014.988,3014.844,2979.207,289606.15,304114.37,275688.18
3012.03,3047.61,3017.78,3012.03,344202.75,6.14,0.2,2999.286,3008.489,2971.041,257172.9,293877.51,264522.18
2986.31,3011.64,3011.64,2985.53,230558.23,25.64,0.86,2998.256,3007.342,2964.888,238516.81,301351.82,257707.11
2993.36,2993.56,2986.0,2976.91,213848.77,-10.77,-0.36,2999.47,2999.982,2960.83,246263.34,298985.84,255065.87
2985.62,2999.08,2996.77,2982.42,222754.53,12.53,0.42,3007.426,2996.347,2958.746,268478.83,301193.96,254553.12
3015.29,3028.56,2984.24,2982.02,274500.22,-28.39,-0.94,3014.7,2990.369,2956.236,318622.59,299164.6,258528.11
3022.12,3033.56,3012.63,3009.38,250922.28,-5.08,-0.17,3017.692,2985.249,2954.587,330582.13,296748.67,261454.21
3027.67,3029.7,3017.71,3009.87,269290.91,-8.07,-0.27,3016.428,2977.968,2950.069,364186.83,293040.02,262309.11
3031.89,3041.83,3025.78,3020.95,324926.19,-7.36,-0.24,3000.494,2968.392,2946.65,351708.33,288575.44,259801.79
3000.78,3053.83,3033.14,2991.08,473473.34,33.94,1.13,2985.268,2955.921,2943.767,333909.09,275520.99,254811.32
2999.5,2999.53,2999.2,2983.19,334297.91,-7.11,-0.24,2966.038,2943.569,2942.148,279706.61,247261.99,243270.59
2968.86,3006.31,3006.31,2967.85,418945.81,68.27,2.32,2952.806,2933.593,2941.235,262915.22,235166.84,238493.85
2954.4,2954.4,2938.04,2934.0,206898.42,-11.61,-0.39,2939.508,2922.434,2938.655,221893.21,214062.41,228561.34
2947.54,2953.94,2949.65,2934.04,235929.98,12.66,0.43,2936.29,2921.678,2940.181,225442.55,211145.91,229278.19
2925.95,2937.78,2936.99,2923.75,202460.94,3.95,0.14,2926.574,2921.145,2941.082,217132.89,207912.29,228792.6
2944.16,2945.27,2933.04,2923.79,250340.95,-6.78,-0.23,2921.1,2922.103,2942.801,214817.37,217891.63,228933.4
2928.36,2939.82,2939.82,2922.43,213835.77,17.87,0.61,2914.38,2923.924,2944.434,207418.46,226159.74,230672.26
2912.94,2927.34,2921.95,2907.77,224645.11,20.88,0.72,2905.36,2922.169,2948.066,206231.6,231578.19,234128.98
2902.13,2903.94,2901.07,2887.84,194381.69,-8.55,-0.29,2907.066,2924.908,2953.634,196849.27,231028.13,234555.7
2892.42,2909.95,2909.62,2876.52,190883.33,10.18,0.35,2915.716,2931.613,2960.22,198691.69,234101.66,239424.02
2896.51,2913.74,2899.44,2893.42,213346.38,4.72,0.16,2923.106,2940.726,2966.738,220965.88,239279.19,249059.79
2923.45,2927.25,2894.72,2879.93,207901.5,-35.76,-1.22,2933.468,2948.877,2972.879,244901.03,241820.85,253845.95
2945.34,2952.26,2930.48,2922.55,177733.45,-13.84,-0.47,2938.978,2954.875,2978.276,256924.77,243060.27,257890.85
2948.34,2953.39,2944.32,2933.28,203593.77,-2.25,-0.08,2942.75,2958.684,2979.488,265206.99,247410.47,262143.0
2962.37,2965.39,2946.57,2943.55,302254.31,-4.68,-0.16,2947.51,2961.019,2979.878,269511.62,249672.9,262873.37
2926.15,2951.79,2951.25,2925.4,333022.12,28.98,0.99,2958.346,2963.498,2980.964,257592.5,239975.17,258662.15
2952.77,2967.78,2922.27,2913.18,268020.22,-27.07,-0.92,2964.286,2964.944,2982.469,238740.68,235184.78,256256.15
2957.07,2957.35,2949.34,2940.15,219144.52,-18.78,-0.63,2970.772,2973.963,2984.708,229195.76,236679.77,255116.43
2991.42,2996.51,2968.12,2962.71,225116.95,-32.63,-1.09,2974.618,2982.359,2985.193,229613.95,238083.27,256400.57
2973.57,3000.75,3000.75,2973.57,242658.7,19.8,0.66,2974.528,2988.826,2984.502,229834.18,244746.39,256461.23
2954.78,2985.97,2980.95,2949.47,238763.0,26.25,0.89,2968.65,2992.749,2983.126,222357.83,258840.38,254828.93
2972.48,2976.37,2954.7,2953.76,220295.61,-13.87,-0.47,2965.602,2996.881,2982.524,231628.89,265871.05,255002.55
2975.48,2980.7,2968.57,2964.92,221235.48,0.9,0.03,2977.154,3001.676,2982.948,244163.79,272721.43,256303.4
2967.62,2976.26,2967.67,2955.1,226218.12,-3.69,-0.12,2990.1,3000.292,2985.107,246552.58,276875.53,254709.68
2973.0,2978.17,2971.36,2954.78,205276.95,5.65,0.19,3003.124,2998.737,2986.959,259658.59,276073.83,256526.96
2995.14,2995.14,2965.71,2962.68,285118.28,-46.75,-1.55,3016.848,2998.429,2989.162,295322.93,277349.13,258986.15
3052.69,3055.6,3012.46,3011.37,282970.12,-20.84,-0.69,3028.16,2999.994,2991.553,300113.21,277327.51,266001.9
3034.16,3044.72,3033.3,3021.69,233179.45,0.51,0.02,3026.198,2995.453,2990.086,301279.07,273553.09,267441.95
3041.42,3045.46,3032.79,3024.75,291748.16,-7.19,-0.24,3010.484,2988.026,2985.461,307198.47,274717.88,266781.05
3024.87,3065.93,3039.98,3015.8,383598.62,17.71,0.59,2994.35,2980.178,2979.971,292489.07,268176.08,265261.65
3012.94,3025.64,3022.27,3011.2,309069.72,19.62,0.65,2980.01,2973.502,2974.089,259375.33,250817.48,258562.41
2953.74,3005.18,3002.65,2947.6,288799.38,47.92,1.62,2971.828,2968.166,2967.861,254541.81,244134.05,252725.44
2964.91,2966.59,2954.73,2948.33,262776.47,2.61,0.09,2964.708,2964.219,2964.202,245827.1,239885.38,249792.75
2966.76,2971.9,2952.12,2946.97,218201.16,-16.16,-0.54,2965.568,2969.921,2962.859,242237.29,232543.84,252387.38
2982.45,2984.35,2968.28,2968.21,218029.94,-13.08,-0.44,2966.006,2975.181,2961.695,243863.08,236980.09,252740.58
2967.63,2984.94,2981.36,2962.4,284902.12,14.31,0.48,2966.994,2979.895,2960.285,242259.62,240623.18,253205.23
2955.51,2970.54,2967.05,2935.06,245225.83,8.02,0.27,2964.504,2983.112,2957.763,233726.28,254676.28,250851.45
2963.34,2976.37,2959.03,2945.68,244827.39,4.72,0.16,2963.73,2984.719,2957.582,233943.65,261330.82,253705.17
2969.98,2977.68,2954.31,2945.84,226330.12,-18.91,-0.64,2974.274,2982.896,2957.472,222850.39,258844.21,251935.21
2983.84,2983.84,2973.22,2956.9,210012.62,4.31,0.14,2984.356,2979.763,2957.474,230097.1,262347.22,252295.66
2957.97,2973.79,2968.91,2950.3,242235.44,5.73,0.19,2992.796,2974.676,2955.664,238986.74,266307.35,257156.28
3020.01,3027.61,2963.18,2961.13,246312.7,-48.57,-1.61,3001.72,2967.555,2956.341,275626.28,261316.82,261311.47
3009.69,3018.65,3011.75,2997.84,189361.06,7.03,0.23,3005.708,2964.184,2958.16,288717.99,259700.11,264908.04
3015.17,3043.45,3004.72,2999.38,262563.66,-10.7,-0.35,2991.518,2955.797,2955.429,294838.04,272230.93,273039.66
3018.86,3019.29,3015.42,3005.87,254460.83,1.89,0.06,2975.17,2948.209,2953.683,294597.35,268501.07,277928.81
3007.36,3040.5,3013.53,2997.66,425433.16,30.41,1.02,2956.556,2940.675,2951.992,293627.96,265787.29,284553.67
2952.47,2989.75,2983.12,2945.01,311771.22,42.32,1.44,2933.39,2932.413,2950.369,247007.36,247026.61,279014.7
2917.82,2944.02,2940.8,2910.35,219961.33,17.82,0.61,2922.66,2930.444,2949.005,230682.24,246079.52,289852.27
2908.17,2931.64,2922.98,2896.26,261360.19,0.63,0.02,2920.076,2932.047,2947.949,249623.81,245026.2,297677.78
2898.53,2938.87,2922.35,2898.53,249613.88,24.65,0.85,2921.248,2935.185,2946.409,242404.8,242244.1,297562.26
2917.07,2933.51,2897.7,2897.68,192330.2,-31.77,-1.08,2924.794,2936.651,2945.039,237946.61,248005.21,299958.17
2929.32,2934.33,2929.47,2916.07,230145.61,1.59,0.05,2931.436,2945.126,2943.774,247045.86,261306.12,303303.15
2939.68,2952.87,2927.88,2926.54,314669.19,-0.96,-0.03,2938.228,2952.135,2940.073,261476.8,270115.97,302989.2
2930.14,2942.0,2928.84,2923.15,225265.12,-11.24,-0.38,2944.018,2955.061,2937.031,240428.58,273848.39,299061.13
2936.95,2956.29,2940.08,2929.6,227322.95,9.17,0.31,2949.122,2959.157,2934.951,242083.4,287356.55,305668.55
2955.26,2955.26,2930.91,2916.43,237826.45,-32.52,-1.1,2948.508,2963.308,2931.121,258063.8,303320.06,307520.7
2964.92,2970.72,2963.43,2956.92,302300.28,6.6,0.22,2958.816,2968.324,2930.444,275566.38,311002.78,307698.4
2965.03,2965.11,2956.83,2941.66,209428.09,2.47,0.08,2966.042,2967.565,2926.173,278755.15,333625.02,302829.92
2947.97,2967.86,2954.36,2947.68,233539.23,17.35,0.59,2966.104,2963.85,2921.792,307268.2,350329.36,303177.23
2974.01,2974.01,2937.01,2929.31,307224.94,-45.44,-1.52,2969.192,2957.632,2917.857,332629.71,352880.42,306409.06
3003.65,3004.88,2982.45,2972.58,325339.38,-17.11,-0.57,2978.108,2953.427,2914.868,348576.31,351911.13,312003.4
2970.01,3001.23,2999.56,2963.45,318244.09,42.42,1.43,2977.832,2942.422,2906.957,346439.17,345300.17,307810.09
2978.97,2980.66,2957.14,2946.57,351993.34,-12.66,-0.43,2969.088,2928.011,2897.698,388494.9,335862.43,304540.23
2987.51,2988.06,2969.8,2958.31,360346.78,-11.79,-0.4,2961.596,2919.0,2890.059,393390.52,324273.86,299994.67
3004.8,3008.67,2981.59,2974.23,386957.97,0.52,0.02,2946.072,2910.744,2881.215,373131.13,323980.56,292709.35
2974.8,2981.24,2981.07,2955.82,314653.66,25.23,0.85,2928.746,2898.933,2873.375,355245.96,311721.34,284429.95
2938.14,2988.21,2955.84,2938.14,528522.75,36.16,1.24,2907.012,2892.564,2862.929,344161.17,304394.03,281387.75
2888.97,2919.68,2919.68,2887.59,376471.44,27.5,0.95,2886.934,2884.78,2854.481,283229.96,272034.81,269665.09
2897.29,2900.76,2892.18,2878.1,259049.81,-2.78,-0.1,2876.404,2879.734,2845.859,255157.21,256025.11,263135.75
2871.29,2902.41,2894.96,2866.75,297532.12,22.56,0.79,2875.416,2878.081,2839.284,274829.98,259937.71,268654.11
2878.21,2886.35,2872.4,2856.03,259229.75,16.95,0.59,2869.12,2876.308,2833.872,268196.72,272095.66,267952.99
2867.77,2871.63,2855.45,2843.28,223866.7,-11.58,-0.4,2878.116,2871.491,2832.441,264626.88,270320.02,269963.48
2883.35,2887.85,2867.03,2860.71,236107.66,-20.21,-0.7,2882.626,2867.385,2834.062,260839.65,273218.02,270905.99
2883.42,2915.84,2887.24,2881.0,357413.69,23.76,0.83,2883.064,2861.118,2836.343,256893.01,275715.48,271044.62
2869.46,2882.45,2863.48,2854.51,264365.78,-53.9,-1.85,2880.746,2851.685,2839.183,245045.44,261438.14,264522.43
2880.57,2923.93,2917.38,2876.02,241380.56,39.38,1.37,2883.496,2847.817,2842.533,275994.61,257138.56,262490.14
2878.73,2881.06,2878.0,2862.44,204930.56,8.78,0.31,2864.866,2833.294,2843.632,276013.16,258381.47,262182.05
2868.63,2875.01,2869.22,2864.81,216374.44,-6.43,-0.22,2852.144,2824.181,2846.291,285596.39,267295.37,263402.08
2869.16,2883.55,2875.65,2864.71,298175.84,-1.58,-0.06,2839.172,2811.984,2848.157,294537.95,270246.39,265593.29
2839.25,2877.47,2877.23,2823.87,419111.66,53.0,1.88,2822.624,2800.487,2848.43,277830.85,277370.5,260908.87
2817.27,2846.26,2824.23,2805.81,241473.28,9.84,0.35,2812.138,2791.436,2848.663,238282.51,263810.31,251754.88
2758.74,2815.15,2814.39,2756.38,252846.75,10.03,0.36,2801.722,2793.39,2852.233,240749.78,269606.95,250906.76
2827.04,2831.34,2804.36,2803.86,261082.2,11.45,0.41,2796.218,2800.738,2854.471,248994.35,268593.96,248035.47
2807.96,2812.49,2792.91,2787.12,214640.34,-31.89,-1.13,2784.796,2811.568,2858.005,245954.84,266373.77,244031.27
2787.44,2825.09,2824.8,2782.77,221369.97,52.65,1.9,2778.35,2826.68,2862.587,276910.15,267606.72,242005.01
2800.44,2802.81,2772.15,2767.14,253809.66,-14.72,-0.53,2770.734,2837.249,2866.478,289338.11,267841.73,245034.57
2771.45,2790.14,2786.87,2768.71,294069.59,39.62,1.44,2785.058,2853.969,2872.977,298464.12,265982.62,243071.19
2771.24,2773.94,2747.25,2747.25,245884.64,-13.43,-0.49,2805.258,2868.4,2878.025,288193.56,259508.78,238946.34
2736.68,2771.79,2760.68,2718.21,369416.91,-26.04,-0.93,2838.34,2884.33,2884.601,286792.7,260940.18,236107.87
2823.35,2828.48,2786.72,2785.9,283509.75,-57.05,-2.01,2875.01,2896.372,2890.645,258303.28,244447.24,228324.37
2837.37,2852.12,2843.77,2831.66,299439.69,-44.1,-1.53,2903.764,2905.89,2896.184,246345.34,239699.45,231015.18
2901.15,2909.47,2887.87,2880.3,242716.83,-24.79,-0.85,2922.88,2911.075,2902.092,233501.13,232206.57,227965.87
2931.85,2932.65,2912.66,2906.71,238880.34,-31.37,-1.07,2931.542,2908.204,2905.362,230823.99,227476.97,232294.44
2939.14,2958.3,2944.03,2938.9,226969.8,13.54,0.46,2930.32,2904.441,2907.965,235087.66,221688.77,237309.91
2936.64,2938.73,2930.49,2922.68,223720.05,-8.86,-0.3,2917.734,2898.494,2910.718,230591.2,216403.31,243276.16
2918.11,2943.07,2939.35,2918.01,235218.64,8.17,0.28,2908.016,2895.706,2914.34,233053.56,222227.41,253401.52
2911.01,2931.18,2931.18,2903.31,229331.12,24.63,0.85,2899.27,2891.984,2913.903,230912.01,220159.75,253494.92
2894.94,2923.4,2906.55,2894.59,260198.7,25.45,0.88,2884.866,2887.649,2914.2,224129.95,218383.91,258764.61
2885.7,2889.39,2881.1,2871.51,204487.48,-0.8,-0.03,2878.562,2884.872,2914.047,208289.87,211275.56,257767.0
2897.79,2905.35,2881.9,2872.53,236031.84,-13.72,-0.47,2879.254,2884.917,2915.498,202215.41,212201.51,266625.43
2875.96,2906.55,2895.62,2875.9,224510.89,36.46,1.27,2883.396,2886.478,2918.879,211401.26,222330.91,269331.84
2869.73,2872.24,2859.16,2859.07,195420.86,-15.87,-0.55,2884.698,2893.108,2921.037,209407.5,223725.17,281386.4
2877.49,2892.34,2875.03,2866.47,180998.3,-9.53,-0.33,2890.432,2902.519,2925.21,212637.86,237111.92,300295.54
2900.05,2905.11,2884.56,2881.4,174115.17,-18.05,-0.62,2891.182,2911.489,2923.596,214261.24,252931.05,311825.68
2885.98,2920.16,2902.61,2850.1,281961.06,0.48,0.02,2890.58,2922.941,2919.69,222187.6,270149.02,313958.13
2883.09,2912.9,2902.13,2878.2,214542.09,14.3,0.49,2889.56,2932.974,2914.245,233260.57,284575.63,310099.0
2897.47,2918.94,2887.83,2879.64,211572.66,9.05,0.31,2901.518,2935.821,2908.419,238042.84,286830.09,312434.31
2896.7,2897.58,2878.78,2870.67,189115.2,-2.77,-0.1,2914.606,2940.751,2903.754,261585.97,299145.31,313582.12
2894.33,2902.14,2881.55,2872.03,213747.0,-15.96,-0.55,2931.796,2943.222,2899.652,291600.87,304258.45,317348.98
2944.97,2944.97,2897.51,2877.74,337325.88,-64.41,-2.17,2955.302,2946.079,2896.219,318110.44,321049.34,327086.78
2952.71,2967.98,2961.92,2937.6,238453.45,8.65,0.29,2976.388,2951.28,2888.512,335890.69,316332.78,323764.53
2966.33,2974.8,2953.27,2939.97,329288.34,-11.46,-0.39,2970.124,2948.965,2875.754,335617.34,339047.64,322537.01
2990.05,2990.05,2964.73,2953.7,339189.66,-34.35,-1.15,2966.896,2947.901,2864.07,336704.65,363479.17,318955.72
3000.78,3003.88,2999.08,2988.47,346294.88,-3.86,-0.13,2954.648,2935.702,2851.899,316916.03,370720.31,313134.16
2984.65,3011.91,3002.94,2978.75,426227.12,72.34,2.47,2936.856,2916.439,2839.098,323988.25,357767.23,309365.52
2932.69,2937.29,2930.6,2911.67,237086.7,-6.53,-0.22,2926.172,2895.515,2825.399,296774.86,335622.37,299148.24
2917.2,2952.91,2937.13,2914.96,334724.88,33.64,1.16,2927.806,2881.016,2816.017,342477.93,338038.53,299493.11
2896.76,2915.24,2903.49,2891.0,240246.59,-6.63,-0.23,2928.906,2866.757,2806.951,390253.69,328018.93,295227.29
2946.02,2946.71,2910.12,2875.37,381655.94,-39.4,-1.34,2916.756,2856.081,2799.216,424524.59,330439.5,300549.99
2942.51,2958.02,2949.52,2931.67,290160.19,10.75,0.37,2896.022,2846.359,2789.827,391546.22,333124.23,295089.12
2939.65,2958.23,2938.77,2929.9,465602.06,-3.86,-0.13,2864.858,2825.744,2777.452,374469.88,331196.29,291199.65
2847.32,2954.03,2942.63,2846.44,573603.69,99.89,3.51,2834.226,2802.543,2764.81,333599.13,306026.39,281824.62
2872.07,2879.23,2842.74,2842.42,411601.09,36.29,1.29,2804.608,2780.239,2753.965,265784.17,274432.28,264728.8
2800.83,2809.87,2806.45,2785.38,216764.05,12.75,0.46,2795.406,2768.096,2748.818,236354.41,255548.0,257633.27
2785.47,2813.45,2793.7,2785.47,204778.52,8.09,0.29,2796.696,2761.757,2744.267,274702.23,260963.81,262396.39
2798.4,2816.18,2785.61,2781.72,261248.3,-8.93,-0.32,2786.63,2755.282,2741.342,287922.69,262674.11,267193.5
2798.02,2804.76,2794.54,2771.86,234528.88,-2.19,-0.08,2770.86,2751.017,2741.632,278453.66,260947.69,268604.24
2802.53,2805.01,2796.73,2790.18,264452.31,-16.17,-0.57,2755.87,2747.144,2741.082,283080.39,262435.66,272237.25
2750.54,2816.99,2812.9,2750.54,408503.16,69.53,2.53,2740.786,2742.351,2737.482,274741.59,270660.48,272125.65
2717.91,2752.88,2743.37,2712.16,270880.81,36.61,1.35,2726.818,2733.294,2733.893,247225.39,257054.01,264995.97
2727.7,2727.7,2706.76,2701.92,213903.12,-12.83,-0.47,2723.934,2729.16,2736.412,237425.53,251203.01,271178.57
2741.94,2747.23,2719.59,2717.93,257662.53,-1.72,-0.06,2731.174,2727.077,2736.013,243441.72,257622.85,275862.76
2744.7,2746.51,2721.31,2713.8,222758.31,-21.75,-0.79,2738.418,2727.691,2737.946,241790.93,255025.33,278179.02
2737.81,2762.08,2743.06,2723.93,270922.19,14.11,0.52,2743.916,2729.539,2742.193,266579.38,259718.55,284750.19
2740.3,2762.39,2728.95,2728.95,221881.52,-14.01,-0.51,2739.77,2726.776,2745.292,266882.63,263828.98,302422.11
2748.43,2752.69,2742.96,2721.88,243984.05,-12.85,-0.47,2734.386,2727.402,2756.107,264980.48,271712.89,307392.03
2728.44,2780.31,2755.81,2724.85,249408.56,7.01,0.26,2722.98,2732.247,2765.929,271803.98,276260.78,314817.5
2719.06,2759.78,2748.8,2716.31,346700.56,26.47,0.97,2716.964,2735.02,2772.782,268259.73,282038.85,320628.17
2696.26,2731.3,2722.33,2667.38,272438.47,20.3,0.75,2715.162,2732.613,2781.742,252857.72,273590.81,322760.39
2693.88,2722.34,2702.03,2692.53,212370.77,16.1,0.6,2713.782,2734.491,2794.368,260775.32,272937.94,326851.33
2710.57,2713.94,2685.93,2679.54,278101.56,-39.8,-1.46,2720.418,2743.664,2808.209,278445.29,291154.14,336765.52
2739.11,2745.86,2725.73,2714.65,231687.3,-14.06,-0.51,2741.514,2744.949,2822.437,280717.58,294102.66,351240.29
2717.87,2764.48,2739.79,2712.04,269690.5,24.36,0.9,2753.076,2748.2,2838.272,295817.96,301332.7,359627.76
2726.07,2746.66,2715.43,2697.61,312026.47,-19.78,-0.72,2750.064,2754.847,2851.528,294323.9,309781.83,365978.58
2792.08,2792.51,2735.21,2728.93,300720.62,-56.2,-2.01,2755.2,2763.808,2866.628,285100.55,341015.25,375357.59
2777.85,2793.76,2791.41,2766.15,289463.03,7.87,0.28,2766.91,2784.811,2881.019,303862.98,343071.17,395703.64
2743.78,2797.15,2783.54,2743.78,307189.19,58.81,2.16,2748.384,2799.611,2887.695,307487.74,353374.22,410449.25
2716.73,2754.69,2724.73,2716.73,262220.19,-16.38,-0.6,2743.324,2810.543,2894.544,306847.44,359217.5,411350.61
2751.76,2767.48,2741.11,2736.84,265909.72,-52.65,-1.89,2759.63,2830.87,2904.729,325239.76,371929.96,419645.17
2731.58,2798.87,2793.76,2698.81,394532.78,94.98,3.52,2772.416,2854.244,2916.628,396929.94,380764.72,430695.91
2740.35,2748.01,2698.78,2686.47,307586.81,-59.46,-2.16,2802.712,2872.753,2925.316,382279.35,382376.9,436370.34
2753.61,2796.47,2758.24,2750.93,303987.72,-48.02,-1.71,2850.838,2899.924,2938.49,399260.7,408377.92,458256.95
2814.47,2833.2,2806.26,2777.73,354181.78,1.22,0.04,2877.762,2928.343,2948.177,411587.55,417922.82,479575.42
2853.88,2867.6,2805.04,2768.8,624360.62,-140.2,-4.76,2902.11,2948.209,2953.864,418620.17,422175.32,494228.21
2935.24,2955.88,2945.24,2919.49,321279.84,5.83,0.2,2936.072,2969.447,2958.039,364599.5,409699.94,493603.91
2906.47,2968.16,2939.41,2899.83,392493.56,46.55,1.61,2942.794,2977.226,2955.408,382474.44,448336.11,516495.99
2913.77,2930.21,2892.86,2892.53,365621.97,-35.14,-1.2,2949.01,2975.778,2950.363,417495.13,467524.28,526709.65
2962.74,2973.22,2928.0,2924.02,389344.84,-46.85,-1.57,2978.924,2978.544,2942.418,424258.08,463483.72,524348.7
2989.96,3001.53,2974.85,2933.53,354257.28,-4.0,-0.13,2994.308,2978.587,2933.098,425730.48,467360.38,521652.47
2968.0,3007.35,2978.85,2964.98,410654.56,8.36,0.28,3002.822,2979.012,2919.663,454800.37,480627.09,523976.58
3047.43,3048.82,2970.49,2962.36,567597.0,-71.94,-2.37,3011.658,2977.878,2906.629,514197.79,490363.78,529514.31
3013.67,3043.93,3042.43,2989.55,399436.72,37.51,1.25,3002.546,2977.056,2897.874,517553.44,508135.98,519128.49
3014.91,3019.54,3004.92,2993.27,396706.84,-12.5,-0.41,2978.164,2968.011,2885.901,502709.36,541228.03,520972.35
3017.39,3035.41,3017.42,2996.76,499606.75,-5.61,-0.19,2962.866,2959.519,2876.301,508990.28,566281.09,521298.13
2914.99,3023.03,3023.03,2909.67,707641.62,98.1,3.35,2955.202,2946.63,2865.775,506453.81,577507.88,518047.32
2973.02,2999.33,2924.93,2924.6,584375.25,4.41,0.15,2944.098,2933.589,2855.882,466529.76,584655.86,513467.86
2920.55,2933.45,2920.52,2903.27,325216.34,-7.91,-0.27,2951.566,2924.947,2847.426,498718.53,585895.01,506310.65
2982.39,3000.1,2928.43,2920.19,428111.44,-50.67,-1.7,2957.858,2906.292,2837.857,579746.7,585213.68,511785.74
2957.27,2996.41,2979.1,2941.35,486924.38,11.59,0.39,2956.172,2887.608,2827.633,623571.91,575944.55,517412.45
2968.08,2980.12,2967.51,2948.31,508021.41,5.24,0.18,2938.058,2860.313,2814.667,648561.96,567326.07,525500.0
2978.5,3007.83,2962.27,2938.65,745319.06,10.29,0.35,2923.08,2835.38,2801.721,702781.96,568664.84,526105.96
2927.1,2959.59,2951.98,2921.2,730357.19,31.98,1.09,2898.328,2818.692,2787.887,673071.49,530121.01,524856.97
2869.85,2923.92,2920.0,2865.3,647237.5,31.47,1.09,2854.726,2803.79,2779.773,590680.66,500716.67,524971.08
2900.63,2903.87,2888.53,2878.39,611874.62,-4.09,-0.14,2819.044,2793.082,2775.787,528317.19,476315.17,527355.32
2860.14,2906.15,2892.62,2860.14,779121.44,54.11,1.91,2782.568,2784.919,2772.804,486090.18,458586.76,526936.21
2747.54,2845.23,2838.51,2746.11,596766.69,104.54,3.82,2747.68,2778.175,2769.802,434547.73,442279.86,534070.22
2728.04,2742.7,2733.97,2709.39,318403.03,-7.62,-0.28,2739.056,2769.905,2768.85,387170.53,426726.29,532281.96
2721.14,2751.72,2741.59,2714.1,335420.19,35.44,1.31,2752.854,2769.421,2769.35,410752.69,438357.79,539532.29
2737.37,2739.29,2706.15,2693.91,400739.56,-12.03,-0.44,2767.12,2767.658,2769.788,424313.14,458880.34,560515.71
2757.81,2765.84,2718.18,2717.29,521409.16,-77.21,-2.76,2787.27,2769.02,2771.175,431083.34,483673.93,584093.82
2804.72,2813.52,2795.39,2771.96,359880.69,-7.57,-0.27,2808.67,2768.062,2774.651,450011.99,483547.07,606492.88
2816.45,2822.63,2802.96,2799.83,436313.84,-9.96,-0.35,2800.754,2757.082,2766.035,466282.04,519592.93,609190.92
2799.33,2831.63,2812.92,2787.28,403222.47,6.02,0.21,2785.988,2755.756,2754.749,465962.9,549225.5,605001.66
2830.24,2842.45,2806.9,2797.72,434590.56,-18.28,-0.65,2768.196,2758.491,2743.511,493447.54,578395.48,599823.13
2763.23,2827.26,2825.18,2749.2,616052.38,69.37,2.52,2750.77,2760.688,2732.119,536264.52,595285.66,597047.29
2736.0,2783.51,2755.81,2735.86,441230.97,26.68,0.98,2727.454,2761.429,2720.002,517082.15,625860.59,584944.96
2720.19,2752.66,2729.13,2716.27,434718.12,5.17,0.19,2713.41,2767.795,2708.085,572903.81,637837.64,578041.31
2731.5,2747.96,2723.96,2699.98,540645.69,4.19,0.15,2725.524,2769.279,2700.444,632488.09,640706.79,570164.67
2730.53,2759.61,2719.77,2704.69,648675.44,11.17,0.41,2748.786,2771.917,2693.276,663343.41,662151.08,563043.3
2683.76,2714.09,2708.6,2670.79,520140.53,23.01,0.86,2770.606,2773.33,2683.947,654306.79,684513.7,543338.93
2731.53,2753.55,2685.59,2684.2,720339.25,-104.11,-3.73,2795.404,2781.24,2674.89,734639.03,729438.7,529937.69
2831.36,2831.36,2789.7,2773.35,732639.56,-50.57,-1.78,2822.18,2774.988,2665.593,702771.48,698788.92,504895.75
2827.86,2847.38,2840.27,2797.5,694922.25,11.4,0.4,2813.034,2753.741,2650.281,648925.48,660777.82,481604.42
2829.5,2835.11,2828.87,2807.12,603492.38,-3.72,-0.13,2795.048,2728.531,2630.268,660958.76,621250.78,455775.89
2839.4,2907.82,2832.59,2816.98,921801.69,13.12,0.47,2776.054,2703.549,2611.62,714720.6,598808.92,436533.01
2764.95,2819.47,2819.47,2747.21,561001.5,75.5,2.75,2767.076,2678.575,2591.842,724238.37,544029.34,402177.01
2749.87,2767.86,2743.97,2733.03,463409.59,-6.37,-0.23,2727.796,2648.374,2572.95,694806.37,518244.99,386968.78
2739.11,2794.93,2750.34,2722.31,755088.62,16.44,0.6,2694.448,2631.608,2556.33,672630.16,499622.54,374006.15
2781.31,2804.16,2733.9,2729.48,872301.62,-53.8,-1.93,2662.014,2614.635,2538.665,581542.8,463935.51,344396.78
2652.91,2788.67,2787.7,2652.91,969390.5,164.63,6.28,2631.044,2594.563,2522.032,482897.23,402164.16,310468.27
2576.0,2623.09,2623.07,2555.73,413841.5,45.84,1.78,2590.074,2568.54,2504.271,363820.31,330436.68,275117.36
2586.74,2615.47,2577.23,2569.48,352528.56,-10.94,-0.42,2568.952,2556.197,2493.986,341683.61,311002.58,269469.39
2593.79,2599.55,2588.17,2569.98,299651.81,9.12,0.35,2568.768,2546.821,2483.692,326614.93,302431.02,262620.46
2586.86,2614.36,2579.05,2568.18,379073.78,-3.8,-0.15,2567.256,2532.005,2473.344,346328.23,290301.01,256686.39
2540.53,2583.4,2582.85,2540.3,374005.91,65.39,2.6,2558.082,2519.69,2463.31,321431.08,274257.11,248965.87
2566.34,2568.79,2517.46,2515.89,303157.97,-58.85,-2.28,2547.006,2505.108,2450.725,297053.04,260324.68,238496.7
2572.64,2585.51,2576.31,2564.87,277185.16,-4.3,-0.17,2543.442,2497.526,2442.577,280321.55,255692.57,232547.65
2538.42,2587.88,2580.61,2528.23,398218.31,47.43,1.87,2524.874,2481.051,2430.354,278247.12,248389.75,229828.64
2528.1,2537.29,2533.18,2515.03,254588.05,5.71,0.23,2496.754,2462.695,2417.959,234273.79,224858.05,224291.53
2485.5,2528.38,2527.47,2484.65,252115.7,27.83,1.11,2481.298,2449.5,2406.559,227083.14,218772.38,220627.7
2502.1,2503.55,2499.64,2479.34,219500.55,16.17,0.65,2463.21,2440.002,2395.901,223596.33,219798.05,220661.39
2454.64,2487.1,2483.47,2450.18,266812.97,43.46,1.78,2451.61,2431.774,2386.652,231063.58,227936.2,222636.66
2445.86,2462.61,2440.01,2439.33,178351.7,-15.89,-0.65,2437.228,2420.562,2375.94,218532.38,222809.9,218743.63
2433.31,2461.52,2455.9,2423.46,218634.8,18.87,0.77,2428.636,2414.683,2367.079,215442.31,223071.77,220266.4
2455.28,2473.12,2437.03,2429.88,234681.62,-4.61,-0.19,2417.702,2406.93,2358.939,210461.62,223674.62,221473.33
2419.26,2453.67,2441.64,2418.01,256836.8,30.08,1.25,2416.794,2396.341,2350.891,215999.77,216668.71,223117.36
2401.38,2414.89,2411.56,2385.1,204156.97,14.51,0.6,2411.938,2387.627,2342.887,224808.81,209402.73,218169.1
2397.41,2414.02,2397.05,2392.64,162901.34,-4.18,-0.17,2403.896,2379.656,2337.175,227087.42,211267.54,219962.88
2430.43,2430.43,2401.23,2394.18,193731.38,-31.26,-1.28,2400.73,2373.223,2332.784,230701.23,223725.0,220976.96
2418.0,2443.23,2432.49,2418.0,262372.38,15.13,0.63,2396.158,2363.617,2328.03,236887.63,222483.02,223666.8
2385.62,2422.03,2417.36,2380.56,300882.0,46.01,1.94,2375.888,2351.8,2323.152,217337.65,221524.73,223994.91
2388.59,2396.8,2371.35,2370.58,215550.0,-9.87,-0.41,2363.316,2341.529,2320.761,193996.64,217337.13,218283.13
2375.17,2385.22,2381.22,2366.34,180970.39,2.85,0.12,2355.416,2331.318,2322.087,195447.65,214677.37,217846.26
2337.7,2380.6,2378.37,2332.41,224663.36,47.23,2.03,2345.716,2319.475,2324.323,216748.77,217461.03,219383.24
2350.26,2354.31,2331.14,2330.0,164622.52,-23.36,-0.99,2331.076,2310.948,2326.574,208078.42,219272.04,221077.75
2342.02,2360.06,2354.5,2334.91,184176.94,22.65,0.97,2327.712,2305.44,2332.912,225711.81,229566.0,226889.38
2333.22,2345.33,2331.85,2321.3,222805.06,-0.87,-0.04,2319.742,2298.146,2336.353,240677.61,226935.47,224795.95
2320.91,2360.36,2332.72,2318.44,287475.97,27.55,1.2,2307.22,2294.694,2340.539,233907.08,228658.23,220098.45
2312.17,2312.17,2305.17,2298.95,181311.59,-9.15,-0.4,2293.234,2292.345,2344.334,218173.28,218228.93,214517.91
2329.03,2331.6,2314.32,2306.9,252789.48,-0.33,-0.01,2290.82,2292.443,2350.611,230465.66,224850.57,212719.66
2252.74,2316.35,2314.65,2249.37,259005.95,45.41,2.0,2283.168,2294.503,2356.62,233420.19,226465.09,210915.79
2259.48,2287.78,2269.24,2253.94,188952.41,6.45,0.28,2276.55,2299.993,2364.977,213193.33,219229.12,208207.29
2298.18,2301.06,2262.79,2252.75,208806.97,-30.31,-1.32,2282.168,2312.856,2376.322,223409.37,221015.15,210684.48
2279.7,2305.91,2293.1,2278.25,242773.48,17.04,0.75,2291.456,2329.171,2387.585,218284.57,221305.45,217928.93
2310.81,2313.05,2276.06,2275.04,267562.16,-5.5,-0.24,2294.066,2342.199,2394.332,219235.49,222883.46,215451.53
2293.29,2303.2,2281.56,2278.29,157871.64,-15.77,-0.69,2305.838,2360.383,2400.622,219509.98,224212.75,211996.1
2285.66,2308.61,2297.33,2256.47,240032.62,-11.9,-0.52,2323.436,2374.559,2407.6,225264.92,222656.43,212632.36
2293.75,2311.73,2309.23,2286.99,183182.95,3.08,0.13,2343.544,2386.384,2412.448,218620.93,211538.68,208115.19
2325.98,2327.44,2306.15,2288.4,247528.06,-28.77,-1.23,2366.886,2396.322,2417.082,224326.33,210806.9,207063.72
2363.0,2372.37,2334.92,2319.1,268934.62,-34.63,-1.46,2390.332,2408.779,2421.734,226531.43,200588.75,205297.26
2401.91,2403.9,2369.55,2366.4,186646.33,-28.32,-1.18,2414.928,2418.736,2426.87,228915.53,195366.49,200062.94
2409.58,2427.68,2397.87,2388.98,206812.69,-28.07,-1.16,2425.682,2429.96,2430.956,220047.95,197185.46,201682.89
2420.58,2430.89,2425.94,2409.01,211709.97,2.56,0.11,2429.224,2439.787,2433.402,204456.42,200353.8,204814.92
2446.81,2448.8,2423.38,2423.09,258553.56,-34.52,-1.4,2425.758,2445.999,2436.709,197287.46,214552.42,209089.49
2429.39,2469.7,2457.9,2423.57,280855.09,34.58,1.43,2427.226,2446.465,2438.612,174646.06,208019.59,211912.11
2437.61,2437.61,2423.32,2414.33,142308.45,7.74,0.32,2422.544,2440.86,2438.674,161817.45,199779.44,210241.86
2408.92,2420.52,2415.58,2405.87,128855.05,6.97,0.29,2434.238,2440.641,2439.008,174322.98,202608.28,216634.72
2410.17,2425.74,2408.61,2399.32,175865.16,-22.11,-0.91,2450.35,2438.512,2441.377,196251.18,204691.71,224032.92
2441.38,2444.98,2430.72,2427.89,145346.53,-3.77,-0.15,2466.24,2437.841,2443.195,231817.37,203320.53,226693.31
2453.56,2460.23,2434.49,2431.86,216712.05,-47.3,-1.91,2465.704,2434.689,2443.37,241393.13,210005.77,233444.35
2467.56,2492.32,2481.79,2465.25,204836.09,-14.35,-0.57,2459.176,2435.004,2445.945,237741.43,204759.39,232764.37
2488.58,2496.81,2496.14,2476.91,238496.05,8.08,0.33,2447.044,2431.952,2445.972,230893.58,206180.32,235601.85
2492.43,2500.57,2488.06,2467.94,353696.12,60.02,2.47,2426.674,2427.017,2446.149,213132.24,209276.03,234728.25
2403.23,2430.65,2428.04,2402.54,193225.34,26.19,1.09,2409.442,2427.419,2447.326,174823.7,203626.57,231174.62
2437.92,2441.42,2401.85,2401.85,198453.53,-19.28,-0.8,2403.674,2430.759,2453.062,178618.41,215804.62,245177.76
2396.3,2426.66,2421.13,2394.25,170596.86,26.84,1.12,2410.832,2436.488,2455.978,171777.36,220704.29,254102.28
2407.23,2416.44,2394.29,2387.93,149689.36,-7.61,-0.32,2416.86,2437.374,2457.477,181467.05,230661.17,262822.81
2409.47,2423.46,2401.9,2393.98,162153.39,2.7,0.11,2427.36,2444.242,2458.545,205419.82,243374.13,271570.74
2433.53,2441.32,2399.2,2398.73,212198.89,-38.44,-1.58,2445.396,2448.549,2457.929,232429.45,250066.09,277827.21
2455.77,2456.91,2437.64,2426.12,164248.28,-13.63,-0.56,2457.844,2452.05,2461.415,252990.84,256882.94,281613.93
2425.72,2454.46,2451.27,2425.23,219045.34,4.48,0.18,2462.144,2456.886,2463.788,269631.22,260769.36,288966.54
2475.23,2484.01,2446.79,2441.85,269453.22,-45.29,-1.82,2457.888,2459.992,2465.099,279855.28,265023.39,296528.06
2466.43,2492.08,2492.08,2461.8,297201.53,30.64,1.25,2461.124,2465.281,2466.0,281328.43,260180.47,300764.71
2458.48,2482.44,2461.44,2443.12,315005.84,2.3,0.09,2451.702,2467.232,2468.403,267702.72,258722.67,309068.67
2430.19,2459.43,2459.14,2427.07,247450.17,29.15,1.2,2446.256,2475.365,2467.647,260775.04,274550.89,309009.65
2462.18,2462.18,2429.99,2425.97,270165.66,-32.98,-1.34,2451.628,2475.467,2463.144,251907.49,287500.26,308019.66
2415.3,2474.82,2462.97,2413.78,276818.97,18.0,0.74,2462.096,2477.58,2463.105,250191.49,294984.46,306938.45
2426.83,2447.46,2444.97,2419.97,229072.98,10.76,0.44,2469.438,2472.848,2460.731,239032.5,299767.35,303013.6
2469.89,2469.89,2434.21,2434.08,280367.41,-51.79,-2.08,2482.762,2467.309,2459.106,249742.62,305588.33,301831.56
2507.59,2511.0,2486.0,2480.33,203112.45,3.67,0.15,2504.474,2470.779,2459.602,288326.74,306344.92,302313.45
2503.68,2521.15,2482.33,2479.25,261585.64,-17.35,-0.69,2499.306,2470.689,2454.827,323093.03,317163.72,310623.57
2507.36,2509.64,2499.68,2478.38,221024.0,-11.91,-0.47,2493.064,2470.205,2455.414,339777.43,328032.73,307754.84
2520.88,2524.65,2511.59,2489.59,282623.59,-31.18,-1.23,2476.258,2466.718,2455.013,360502.21,341348.96,307537.95
2522.39,2544.19,2542.77,2489.07,473288.03,82.61,3.36,2451.856,2469.574,2453.774,361434.04,359414.67,310260.65
2474.27,2500.12,2460.16,2455.73,376943.91,9.04,0.37,2437.084,2459.929,2456.969,324363.11,343468.41,300986.42
2424.16,2460.84,2451.12,2413.34,345007.62,35.47,1.47,2442.072,2450.82,2462.734,311234.4,328539.06,293615.88
2380.47,2449.29,2415.65,2378.82,324647.88,26.07,1.09,2447.346,2448.629,2469.316,316288.04,318892.43,293217.66
2461.92,2465.37,2389.58,2377.99,287282.78,-79.33,-3.21,2457.178,2448.613,2475.923,322195.71,306259.84,289145.92
2487.0,2499.76,2468.91,2445.83,287933.34,-16.19,-0.65,2487.292,2450.903,2485.124,357395.29,298074.78,295658.42
2419.11,2486.76,2485.1,2415.49,311300.38,7.61,0.31,2482.774,2448.425,2486.05,362573.71,298281.98,292735.97
2459.32,2530.77,2477.49,2459.21,370275.81,12.68,0.51,2459.568,2438.965,2486.149,345843.73,304083.43,291657.87
2539.65,2544.3,2464.81,2451.67,354186.22,-75.34,-2.97,2449.912,2440.622,2485.213,321496.83,287476.94,284590.05
2463.49,2566.63,2540.15,2463.49,463280.69,93.83,3.84,2440.048,2443.307,2481.966,290323.98,273726.94,273722.89
2353.84,2451.76,2446.32,2344.98,313825.47,77.25,3.26,2414.514,2437.974,2476.23,238754.27,261106.63,258754.8
2416.37,2416.37,2369.07,2367.71,227650.45,-60.14,-2.48,2414.076,2454.009,2474.679,233990.25,258504.42,253799.52
2446.48,2451.19,2429.21,2384.14,248541.3,13.72,0.57,2418.362,2474.647,2475.295,262323.13,258692.69,250839.62
2414.32,2459.88,2415.49,2407.0,198321.98,3.01,0.12,2431.332,2490.003,2473.773,253457.06,267542.9,247468.1
2443.73,2448.26,2412.48,2407.55,205432.16,-31.65,-1.29,2446.566,2503.233,2473.67,257129.91,272031.99,246572.63
2398.18,2452.69,2444.13,2390.99,290005.34,53.63,2.24,2461.434,2519.345,2474.93,283458.98,293242.05,245481.44
2412.22,2446.37,2390.5,2369.03,369314.88,-103.56,-4.15,2493.942,2523.674,2473.525,283018.6,287189.96,241418.13
2495.86,2518.61,2494.06,2472.19,204210.95,2.4,0.1,2530.932,2533.332,2476.062,255062.24,279232.32,233610.61
2481.59,2506.27,2491.66,2476.35,216686.2,4.84,0.2,2548.674,2529.803,2476.381,281628.73,281703.16,233696.96
2544.49,2548.89,2486.82,2481.18,337077.53,-119.85,-4.6,2559.9,2520.625,2475.092,286934.07,273718.84,232015.98
2580.66,2618.83,2606.67,2577.98,287803.44,31.22,1.21,2577.256,2514.485,2474.475,303025.12,256402.97,228272.99
2582.12,2584.07,2575.45,2561.58,229533.09,-7.32,-0.28,2553.406,2495.349,2468.102,291361.31,249094.61,222999.6
2555.92,2610.59,2582.77,2553.17,337043.38,34.98,1.37,2535.732,2475.943,2464.503,303402.39,242986.55,220614.93
2545.21,2560.72,2547.79,2536.43,243212.91,-25.81,-1.0,2510.932,2457.543,2460.922,281777.6,227393.31,214463.58
2495.74,2573.6,2573.6,2485.41,417532.78,86.18,3.46,2481.35,2444.107,2459.65,260503.6,221113.28,216495.47
2492.4,2503.1,2487.42,2480.54,229484.41,0.34,0.01,2451.714,2430.515,2454.57,209780.81,197720.83,205999.14
2455.44,2505.0,2487.08,2452.58,289738.47,28.31,1.15,2437.292,2423.376,2453.252,206827.91,195646.3,203953.13
2391.95,2459.77,2458.77,2391.73,228919.42,58.89,2.45,2416.154,2418.791,2451.406,182570.71,187988.9,197492.67
2411.38,2418.14,2399.88,2397.94,136842.94,-25.54,-1.05,2404.154,2422.958,2451.086,173009.03,185690.76,198226.17
2421.66,2434.67,2425.42,2410.66,163918.83,10.11,0.42,2406.864,2429.558,2451.549,181722.95,190313.12,202884.67
2413.41,2420.0,2415.31,2381.03,214719.91,33.92,1.42,2409.316,2434.464,2448.986,185660.85,200143.02,205003.65
2389.28,2398.73,2381.39,2373.04,168452.45,-17.38,-0.72,2409.46,2440.854,2448.479,184464.69,196904.58,207017.01
2412.18,2422.94,2398.77,2387.64,181111.02,-14.66,-0.61,2421.428,2453.063,2449.845,193407.09,198243.31,208472.48
2431.18,2440.11,2413.43,2410.79,180412.56,-24.25,-0.99,2441.762,2464.301,2453.367,198372.49,201533.84,207952.89
2424.42,2458.26,2437.68,2416.16,183608.3,21.65,0.9,2452.252,2475.192,2456.621,198903.29,211877.66,210403.19
2432.4,2449.83,2416.03,2408.93,208739.11,-25.2,-1.03,2459.612,2478.624,2459.897,214625.19,214277.44,210933.38
2488.9,2493.47,2441.23,2441.23,213164.44,-59.21,-2.37,2472.248,2483.128,2464.327,209344.47,212259.96,213784.9
2467.25,2507.04,2500.44,2451.72,205938.05,34.56,1.4,2484.698,2484.02,2464.615,203079.54,206996.43,214922.14
2461.86,2470.51,2465.88,2445.87,183066.55,-8.6,-0.35,2486.84,2479.214,2463.582,204695.18,210761.58,219501.3
2462.8,2490.46,2474.48,2455.99,262217.81,-4.73,-0.19,2498.132,2473.539,2460.615,224852.04,215456.21,223209.49
2506.53,2519.4,2479.21,2479.21,182335.52,-24.27,-0.97,2497.636,2463.508,2457.566,213929.69,209864.28,220871.7
2506.15,2515.0,2503.48,2497.82,181839.77,-7.67,-0.3,2494.008,2456.103,2455.621,215175.45,217129.44,226555.48
2524.92,2530.5,2511.15,2503.81,214016.27,-11.19,-0.44,2483.342,2446.627,2454.96,210913.32,218701.64,231149.63
2484.41,2522.34,2522.34,2482.52,283850.81,50.34,2.04,2471.588,2442.432,2456.658,216827.98,214371.94,230569.78
2449.37,2496.39,2472.0,2438.72,207606.08,10.93,0.44,2448.946,2438.049,2457.607,206060.38,208928.71,228630.37
2453.66,2474.69,2461.07,2435.16,188564.3,10.92,0.45,2429.38,2441.17,2460.261,205798.86,207589.31,227733.43
2461.4,2461.4,2450.15,2438.94,160529.16,-2.23,-0.09,2418.198,2445.525,2463.757,219083.44,215309.84,230969.43
2411.98,2461.14,2452.38,2410.89,243589.55,43.25,1.79,2409.912,2445.21,2469.434,226489.96,222847.86,236196.61
2386.14,2409.13,2409.13,2370.82,230012.83,34.96,1.47,2413.276,2447.95,2474.994,211915.91,228241.01,248433.84
2427.47,2429.68,2374.17,2370.04,206298.48,-30.99,-1.29,2427.152,2447.691,2480.878,211797.04,230962.77,256746.03
2381.01,2430.92,2405.16,2367.05,254987.19,-3.56,-0.15,2452.96,2451.624,2486.858,209379.76,231879.13,263657.84
2467.25,2467.45,2408.72,2405.6,197561.73,-60.48,-2.45,2472.852,2455.139,2487.908,211536.24,235981.52,261131.51
2475.47,2482.71,2469.2,2454.98,170719.31,-9.31,-0.38,2480.508,2463.292,2488.51,219205.75,243597.62,260157.16
2480.1,2485.23,2478.51,2442.23,229418.48,-24.7,-0.99,2482.624,2470.884,2486.572,244566.11,246767.62,259954.41
2505.31,2518.11,2503.21,2485.98,194212.09,-1.41,-0.06,2468.23,2477.164,2485.085,250128.5,248332.02,258419.71
2437.45,2510.36,2504.62,2435.79,265769.59,57.62,2.35,2450.288,2479.352,2483.768,254378.5,247877.54,258625.16
2476.4,2481.84,2447.0,2443.07,235909.3,-32.78,-1.32,2437.426,2481.989,2482.268,260426.8,246629.01,258998.73
2416.01,2480.1,2479.78,2407.64,297521.09,73.24,3.04,2446.076,2493.658,2481.532,267989.48,249545.37,257629.21
2417.3,2448.98,2406.54,2393.68,257230.41,-6.96,-0.29,2459.144,2502.038,2481.104,248969.12,268626.67,253439.89
2438.84,2452.07,2413.5,2413.25,215462.12,-26.81,-1.1,2486.098,2514.065,2484.342,246535.55,282529.29,252745.05
2483.76,2485.41,2440.31,2412.96,296011.09,-49.94,-2.0,2508.416,2522.092,2483.798,241376.58,295436.55,254432.96
2557.61,2570.31,2490.25,2489.12,273722.69,-54.87,-2.16,2526.552,2520.677,2480.5,232831.23,286281.5,252266.73
2537.03,2553.81,2545.12,2521.82,202419.3,3.81,0.15,2541.24,2513.728,2474.409,231101.25,276716.7,248412.83
2525.38,2562.76,2541.31,2515.55,245062.55,16.22,0.64,2544.932,2502.26,2466.602,288284.22,273141.2,252829.2
2529.66,2541.23,2525.09,2515.89,189667.28,-5.9,-0.23,2542.032,2493.006,2458.856,318523.04,268507.41,253630.15
2570.48,2578.72,2530.99,2525.67,253284.31,-32.7,-1.28,2535.768,2488.183,2456.597,349496.52,269372.78,254528.12
2573.93,2573.96,2563.69,2550.97,265072.81,0.11,0.0,2514.802,2482.546,2451.306,339731.77,271368.44,253291.92
2534.07,2579.59,2563.58,2534.07,488334.16,36.77,1.46,2486.216,2469.405,2445.754,322332.14,265713.06,253751.74
2482.05,2533.77,2526.81,2478.19,396256.62,33.04,1.32,2459.588,2460.17,2442.911,257998.18,238253.11,242560.09
2426.1,2506.94,2493.77,2409.05,344534.72,67.61,2.79,2443.98,2454.618,2443.393,218491.78,222960.81,234468.8
2432.89,2452.45,2426.16,2418.66,204460.55,5.4,0.22,2440.598,2445.503,2447.89,189249.03,213429.37,227071.48
2437.38,2458.48,2420.76,2419.32,178074.66,-9.68,-0.4,2450.29,2440.323,2455.535,203005.11,218251.95,229164.64
2443.55,2446.1,2430.44,2414.35,166664.33,-18.33,-0.75,2452.594,2435.09,2464.413,209093.98,220108.96,232176.34
2471.15,2484.17,2448.77,2438.86,198724.62,-28.09,-1.13,2460.752,2430.944,2472.88,218508.03,232517.21,252630.3
2480.82,2481.56,2476.86,2464.95,198321.0,2.24,0.09,2465.256,2424.705,2483.841,227429.84,238752.9,255503.26
2425.67,2490.44,2474.62,2425.67,273240.94,42.34,1.74,2450.408,2425.01,2493.563,237609.7,239683.45,256265.69
2420.18,2443.35,2432.28,2409.31,208519.02,-38.95,-1.58,2430.356,2420.066,2503.413,233498.79,235215.41,252297.23
2475.98,2477.84,2471.23,2448.86,213734.59,-0.06,-0.0,2417.586,2422.102,2516.184,231123.94,241790.42,251692.78
2410.52,2471.8,2471.29,2410.52,243333.66,68.67,2.86,2401.136,2425.651,2525.643,246526.39,246867.07,250893.56
2378.87,2422.4,2402.62,2349.48,249220.3,28.26,1.19,2384.154,2432.168,2534.683,250075.96,245976.78,251742.48
2370.86,2398.56,2374.36,2352.97,252686.39,5.93,0.25,2399.612,2450.277,2549.314,241757.2,240713.59,251036.98
2381.25,2403.51,2368.43,2365.89,196644.77,-20.55,-0.86,2409.776,2470.746,2565.205,236932.02,240077.33,248664.22
2389.36,2395.08,2388.98,2331.84,290746.81,2.6,0.11,2426.618,2493.736,2582.134,252456.91,244243.71,249939.19
2473.31,2473.73,2386.38,2370.4,261081.52,-93.53,-3.77,2450.166,2514.816,2597.414,247207.74,272743.39,246674.99
2431.81,2481.32,2479.91,2429.59,207626.53,54.73,2.26,2480.182,2542.976,2610.455,241877.61,272253.62,243814.73
2431.86,2461.17,2425.18,2418.3,228560.48,-27.46,-1.12,2500.942,2562.115,2619.374,239669.97,272847.93,246686.8
2500.07,2512.59,2452.64,2438.04,274269.19,-54.08,-2.16,2531.716,2586.76,2628.41,243222.65,269379.05,247363.27
2516.08,2519.16,2506.72,2470.15,264501.0,-29.74,-1.17,2560.854,2610.266,2638.948,236030.52,261595.13,247097.63
2593.62,2595.99,2536.46,2535.12,234430.84,-47.25,-1.83,2579.466,2625.635,2647.272,298279.03,254920.05,243139.09
2564.87,2586.33,2583.71,2553.3,196588.34,4.66,0.18,2605.77,2637.197,2653.513,302629.64,257508.18,241388.66
2597.3,2628.04,2579.05,2575.17,246323.86,-19.28,-0.74,2623.288,2648.35,2657.612,306025.88,261360.38,241425.58
2588.12,2607.47,2598.33,2567.5,238308.55,-1.45,-0.06,2641.804,2659.663,2662.844,295535.44,257251.11,241822.69
2638.4,2646.64,2599.78,2571.69,575743.56,-68.2,-2.56,2659.678,2670.532,2669.327,287159.75,255634.66,241577.41
2657.59,2677.31,2667.98,2657.51,256183.89,-3.32,-0.12,2671.804,2680.012,2676.628,211561.08,220606.59,226673.52
2662.23,2691.04,2671.3,2659.57,213569.56,-0.33,-0.01,2668.624,2677.933,2680.256,212386.72,215375.83,225327.96
2681.31,2686.07,2671.63,2662.75,193871.66,-16.07,-0.6,2673.412,2676.632,2681.735,216694.87,220525.68,223022.93
2662.39,2691.97,2687.7,2650.97,196430.08,27.29,1.03,2677.522,2670.059,2683.992,218966.78,225347.5,224233.69
2644.43,2665.93,2660.41,2633.08,197750.19,8.33,0.31,2681.386,2667.629,2687.149,224109.57,232600.12,225675.4
2686.09,2686.15,2652.08,2637.36,260312.12,-43.16,-1.6,2688.22,2668.908,2691.805,229652.11,231358.14,229318.64
2697.51,2717.06,2695.24,2693.1,235110.3,3.06,0.11,2687.242,2669.829,2693.896,218364.93,225269.13,227687.4
2702.71,2703.41,2692.18,2688.33,205231.19,-14.84,-0.55,2679.852,2666.873,2693.821,224356.49,221490.79,227275.02
2697.69,2712.12,2707.02,2680.24,222144.05,12.44,0.46,2662.596,2666.024,2693.918,231728.22,226394.26,228571.71
2664.85,2697.75,2694.58,2658.57,225462.88,47.39,1.79,2653.872,2668.122,2693.099,241090.66,227520.15,228973.44
2652.25,2664.31,2647.19,2637.37,203876.23,-11.1,-0.42,2649.596,2673.244,2693.0,233064.16,232740.45,229207.48
2626.94,2661.66,2658.29,2624.67,265068.09,52.39,2.01,2652.416,2682.578,2696.272,232173.33,235280.09,231016.86
2632.71,2637.19,2605.9,2604.91,242089.86,-57.5,-2.16,2653.894,2686.837,2699.194,218625.09,225520.19,228397.53
2666.83,2676.68,2663.4,2642.87,268956.25,-9.8,-0.37,2669.452,2697.925,2706.968,221060.3,223119.88,227256.5
2661.21,2682.78,2673.2,2650.4,185330.39,11.91,0.45,2682.372,2706.668,2710.929,213949.64,218750.68,223465.62
2663.32,2679.85,2661.29,2650.34,199422.05,-4.39,-0.17,2696.892,2714.702,2714.702,232416.73,227279.14,227279.14
2684.13,2691.03,2665.68,2664.12,197326.89,-18.01,-0.67,2712.74,2720.637,2720.637,238386.85,230374.37,230374.37
2721.02,2721.02,2683.69,2683.59,254265.94,-44.31,-1.62,2719.78,2727.506,2727.506,232415.29,234505.31,234505.31
2744.32,2744.32,2728.0,2711.06,233402.95,-17.8,-0.65,2726.398,2733.766,2733.766,225179.46,231682.36,231682.36
2753.88,2761.72,2745.8,2739.68,277665.81,5.27,0.19,2730.964,2734.727,2734.727,223551.71,231395.59,231395.59
2697.72,2741.01,2740.53,2690.99,229272.67,39.65,1.47,2732.512,2732.512,2732.512,222141.55,222141.55,222141.55
2720.77,2724.39,2700.88,2698.17,167469.06,-15.9,-0.58,2730.508,2730.508,2730.508,220358.77,220358.77,220358.77
2739.89,2744.62,2716.78,2714.26,218086.8,-34.05,-1.24,2740.383,2740.383,2740.383,237988.67,237988.67,237988.67
2760.2,2760.57,2750.83,2731.57,225264.22,-2.71,-0.1,2752.185,2752.185,2752.185,247939.61,247939.61,247939.61
2736.98,2761.49,2753.54,2736.04,270615.0,28.82,1.06,2753.54,2753.54,2753.54,270615.0,270615.0,270615.0
