date,open,high,close,low,volume,price_change,p_change,ma5,ma10,ma20,v_ma5,v_ma10,v_ma20
2020-11-10,4995.41,4995.41,4953.88,4928.93,1762672.12,-27.47,-0.55,4903.944,4822.363,4792.497,1561889.28,1425250.69,1252057.28
2020-11-09,4918.86,4997.8,4981.35,4918.86,1971319.88,95.63,1.96,4868.68,4796.903,4786.763,1481465.68,1341639.78,1222181.84
2020-11-06,4897.63,4897.63,4885.72,4845.43,1536390.38,0.61,0.01,4816.576,4767.892,4778.853,1372937.08,1252851.07,1201508.13
2020-11-05,4861.34,4885.11,4885.11,4838.0,1392446.0,71.45,1.48,4778.498,4751.169,4768.624,1345263.6,1206037.22,1180357.37
2020-11-04,4781.45,4825.46,4813.66,4770.56,1146618.0,36.1,0.76,4756.06,4740.456,4753.739,1301008.9,1168143.51,1155275.67
2020-11-03,4743.17,4793.4,4777.56,4734.17,1360554.12,56.73,1.2,4740.782,4738.373,4742.646,1288612.1,1157287.41,1140941.69
2020-11-02,4702.75,4738.02,4720.83,4695.44,1428676.88,25.5,0.54,4725.126,4739.964,4732.863,1201813.89,1119280.16,1115438.18
2020-10-30,4776.47,4778.51,4695.33,4683.47,1398023.0,-77.59,-1.63,4719.208,4743.43,4725.323,1132765.06,1105658.83,1090511.92
2020-10-29,4683.61,4803.03,4772.92,4679.25,1171172.5,35.65,0.75,4723.84,4753.065,4718.71,1066810.84,1082572.63,1076907.61
2020-10-28,4703.0,4753.31,4737.27,4685.6,1084634.0,37.99,0.81,4724.852,4755.647,4712.68,1035278.13,1075420.34,1066262.25
2020-10-27,4680.14,4708.46,4699.28,4671.85,926563.06,8.04,0.17,4735.964,4762.63,4707.605,1025962.73,1078863.87,1071867.02
2020-10-26,4684.05,4713.39,4691.24,4639.3,1083432.75,-27.25,-0.58,4754.802,4776.622,4707.212,1036746.43,1102723.9,1087806.78
2020-10-23,4775.47,4802.46,4718.49,4717.1,1068251.88,-59.49,-1.25,4767.652,4789.814,4709.505,1078552.6,1150165.19,1113848.38
2020-10-22,4780.6,4791.81,4777.98,4725.5,1013508.94,-14.85,-0.31,4782.29,4786.079,4705.216,1098334.42,1154677.51,1113427.6
2020-10-21,4801.63,4801.63,4792.83,4758.86,1038057.0,-0.64,-0.01,4786.442,4767.021,4699.185,1115562.56,1142407.82,1117128.97
2020-10-20,4751.37,4793.47,4793.47,4739.46,980481.56,37.98,0.8,4789.296,4746.918,4693.967,1131765.01,1124595.97,1116184.08
2020-10-19,4823.49,4849.61,4755.49,4747.34,1292463.62,-36.19,-0.76,4798.442,4725.762,4686.846,1168701.37,1111596.21,1120777.59
2020-10-16,4798.92,4825.55,4791.68,4765.97,1167161.0,-7.06,-0.15,4811.976,4707.215,4680.436,1221777.77,1075365.0,1113805.63
2020-10-15,4810.78,4833.89,4798.74,4796.26,1099649.62,-8.36,-0.17,4789.868,4684.354,4669.951,1211020.6,1071242.59,1130774.01
2020-10-14,4830.46,4830.46,4807.1,4795.91,1119069.25,-32.1,-0.66,4747.6,4669.713,4659.243,1169253.07,1057104.15,1156930.09
2020-10-13,4812.9,4845.92,4839.2,4795.37,1165163.38,16.04,0.33,4704.54,4652.579,4653.608,1117426.94,1064870.18,1170576.24
2020-10-12,4705.19,4823.27,4823.16,4704.16,1557845.62,142.02,3.03,4653.082,4637.802,4645.116,1054491.04,1072889.66,1186621.96
2020-10-09,4663.61,4695.4,4681.14,4655.09,1113375.12,93.74,2.04,4602.454,4629.195,4642.469,928952.22,1077531.58,1168746.08
2020-09-30,4607.58,4634.72,4587.4,4563.41,890812.0,-4.4,-0.1,4578.84,4624.352,4649.267,931464.58,1072177.69,1185912.93
2020-09-29,4608.29,4616.68,4591.8,4586.35,859938.56,9.89,0.22,4591.826,4631.348,4662.092,944955.23,1091850.13,1220367.09
2020-09-28,4582.65,4613.63,4581.91,4571.15,850483.88,11.89,0.26,4600.618,4641.016,4674.608,1012313.41,1107772.2,1246567.86
2020-09-25,4582.48,4599.54,4570.02,4554.72,930151.56,6.95,0.15,4622.522,4647.93,4686.323,1091288.29,1129958.98,1305327.18
2020-09-24,4623.95,4631.95,4563.07,4562.21,1125936.88,-89.26,-1.92,4655.936,4653.656,4700.036,1226110.93,1152246.25,1338519.48
2020-09-23,4639.66,4665.96,4652.33,4623.55,958265.25,16.57,0.36,4669.864,4655.547,4708.45,1212890.8,1190305.44,1341744.06
2020-09-22,4654.22,4706.21,4635.76,4622.11,1196729.5,-55.67,-1.19,4670.87,4648.773,4711.14,1238745.03,1256756.03,1369483.39
2020-09-21,4750.75,4752.98,4691.43,4688.72,1245358.25,-45.66,-0.96,4681.414,4654.636,4717.449,1203230.98,1276282.3,1380497.59
2020-09-18,4636.64,4737.8,4737.09,4631.7,1604264.75,104.38,2.25,4673.338,4652.43,4720.67,1168629.68,1300354.26,1393801.43
2020-09-17,4642.05,4664.95,4632.71,4601.64,1059836.25,-24.65,-0.53,4651.376,4655.743,4719.758,1078381.58,1259960.59,1384917.12
2020-09-16,4683.01,4690.68,4657.36,4638.46,1087536.38,-31.12,-0.66,4641.23,4674.182,4722.08,1167720.08,1299648.16,1411109.63
2020-09-15,4649.45,4691.5,4688.48,4630.54,1019159.25,37.43,0.81,4626.676,4692.835,4726.246,1274767.02,1348884.05,1452954.29
2020-09-14,4652.05,4666.99,4651.05,4625.99,1072351.75,23.77,0.51,4627.858,4708.199,4732.46,1349333.62,1385363.53,1496566.25
2020-09-11,4572.26,4630.88,4627.28,4563.11,1153024.25,45.3,0.99,4631.522,4724.716,4740.669,1432078.85,1480695.38,1576949.44
2020-09-10,4632.1,4647.75,4581.98,4572.21,1506528.75,-2.61,-0.06,4660.11,4746.415,4744.536,1441539.6,1524792.71,1592944.69
2020-09-09,4634.25,4645.2,4584.59,4558.03,1622771.12,-109.8,-2.34,4707.134,4761.352,4747.223,1431576.25,1493182.69,1593893.29
2020-09-08,4683.83,4707.9,4694.39,4639.05,1391992.25,25.02,0.54,4758.994,4773.506,4750.375,1423001.08,1482210.75,1614198.36
2020-09-07,4759.52,4789.3,4669.37,4655.56,1486077.88,-100.85,-2.11,4788.54,4780.262,4749.745,1421393.43,1484712.88,1647372.0
2020-09-04,4737.24,4778.2,4770.22,4726.56,1200328.0,-46.88,-0.97,4817.91,4788.91,4752.52,1529311.9,1487248.6,1674962.53
2020-09-03,4841.5,4877.01,4817.1,4800.06,1456712.0,-26.79,-0.55,4832.72,4783.772,4749.405,1608045.82,1509873.66,1721705.24
2020-09-02,4859.08,4863.55,4843.89,4797.52,1579895.25,1.77,0.04,4815.57,4769.977,4746.688,1554789.12,1522571.1,1762796.84
2020-09-01,4803.39,4842.14,4842.12,4791.78,1383954.0,25.9,0.54,4788.018,4759.656,4743.349,1541420.42,1557024.52,1782152.35
2020-08-31,4870.93,4901.21,4816.22,4816.21,2025670.25,-28.05,-0.58,4771.984,4756.72,4740.033,1548032.32,1607768.97,1832942.14
2020-08-28,4727.29,4850.49,4844.27,4719.35,1593997.62,112.92,2.39,4759.91,4756.621,4737.788,1445185.3,1673203.5,1839046.75
2020-08-27,4718.06,4731.94,4731.35,4679.36,1190428.5,25.22,0.54,4734.824,4742.657,4730.327,1411701.5,1661096.66,1851766.38
2020-08-26,4761.72,4786.42,4706.13,4689.88,1513051.75,-55.82,-1.17,4724.384,4733.093,4726.567,1490353.07,1694603.9,1875728.74
2020-08-25,4769.21,4802.41,4761.95,4746.31,1417013.5,6.1,0.13,4731.294,4727.244,4725.211,1572628.62,1746185.96,1893423.8
2020-08-24,4746.4,4769.47,4755.85,4716.61,1511435.12,37.01,0.78,4741.456,4719.227,4715.526,1667505.62,1810031.13,1903957.38
2020-08-21,4717.79,4739.48,4718.84,4684.81,1426578.62,39.69,0.85,4753.332,4716.129,4704.156,1901221.7,1862676.45,1914095.89
2020-08-20,4708.13,4721.44,4679.15,4662.8,1583686.38,-61.53,-1.3,4750.49,4715.038,4693.494,1910491.83,1933536.81,1964719.56
2020-08-19,4804.67,4809.05,4740.68,4738.01,1924429.5,-72.08,-1.5,4741.802,4723.399,4695.158,1898854.73,2003022.58,2002692.53
2020-08-18,4816.57,4825.39,4812.76,4788.83,1891398.5,-2.47,-0.05,4723.194,4727.042,4693.847,1919743.3,2007280.18,2018570.66
2020-08-17,4727.12,4838.09,4815.23,4721.36,2680015.5,110.6,2.35,4696.998,4723.346,4687.761,1952556.63,2058115.3,2024208.56
2020-08-14,4627.61,4708.07,4704.63,4617.63,1472929.25,68.92,1.49,4678.926,4718.954,4681.014,1824131.2,2004890.0,2013242.25
2020-08-13,4666.49,4671.77,4635.71,4626.1,1525500.88,-11.93,-0.26,4679.586,4717.996,4673.018,1956581.8,2042436.1,2043283.57
2020-08-12,4668.89,4681.62,4647.64,4566.27,2028872.38,-34.14,-0.73,4704.996,4720.04,4667.045,2107190.43,2056853.58,2109337.09
2020-08-11,4730.37,4791.53,4681.78,4674.86,2055465.12,-43.09,-0.91,4730.89,4723.177,4671.886,2094817.05,2040661.64,2144087.97
2020-08-10,4681.76,4757.66,4724.87,4646.29,2037888.38,16.94,0.36,4749.694,4711.825,4678.132,2163673.98,1997883.63,2189935.7
2020-08-07,4742.29,4749.02,4707.93,4637.84,2135182.25,-54.83,-1.15,4758.982,4692.183,4684.536,2185648.8,1965515.34,2248864.01
2020-08-06,4779.24,4791.86,4762.76,4691.16,2278544.0,-14.35,-0.3,4756.406,4671.949,4686.796,2128290.4,1995902.31,2300579.72
2020-08-05,4761.76,4786.7,4777.11,4711.27,1967005.5,1.31,0.03,4735.084,4666.917,4690.697,2006516.72,2002362.49,2362175.97
2020-08-04,4778.49,4807.08,4775.8,4747.77,2399749.75,4.49,0.09,4715.464,4660.651,4690.541,1986506.22,2029861.14,2437863.12
2020-08-03,4735.9,4771.37,4771.31,4720.03,2147762.5,76.26,1.62,4673.956,4652.175,4686.658,1832093.27,1990301.82,2520879.91
2020-07-31,4652.18,4741.81,4695.05,4621.96,1848390.25,38.9,0.83,4625.384,4643.074,4681.597,1745381.87,2021594.5,2616402.29
2020-07-30,4689.76,4704.63,4656.15,4649.77,1669675.62,-22.86,-0.49,4587.492,4628.039,4667.824,1863514.22,2044131.04,2669225.56
2020-07-29,4559.16,4680.56,4679.01,4548.85,1866953.0,110.75,2.42,4598.75,4614.049,4651.809,1998208.25,2161820.6,2712211.46
2020-07-28,4567.67,4590.25,4568.26,4537.68,1627685.0,39.81,0.88,4605.838,4620.595,4630.247,2073216.05,2247514.3,2703859.04
2020-07-27,4535.01,4558.12,4528.45,4482.44,1714205.5,22.86,0.51,4630.394,4644.438,4610.032,2148510.37,2381987.77,2685441.55
2020-07-24,4679.03,4691.7,4505.59,4479.39,2439052.0,-206.85,-4.39,4660.764,4676.889,4589.096,2297807.12,2532212.67,2665164.2
2020-07-23,4668.74,4731.4,4712.44,4607.66,2343145.75,-2.01,-0.04,4668.586,4701.643,4570.766,2224747.85,2605257.12,2604067.83
2020-07-22,4682.66,4790.45,4714.45,4675.35,2241992.0,23.41,0.5,4629.348,4714.476,4541.233,2325432.95,2721989.45,2551525.3
2020-07-21,4697.5,4714.29,4691.04,4661.44,2004156.62,10.74,0.23,4635.352,4720.431,4510.613,2421812.55,2845865.1,2517340.43
2020-07-20,4597.2,4681.94,4680.3,4534.23,2460689.25,135.6,2.98,4658.482,4721.14,4480.997,2615465.17,3051457.99,2493606.09
2020-07-17,4524.77,4601.37,4544.7,4485.82,2073755.62,28.45,0.63,4693.014,4720.119,4449.201,2766618.22,3211210.09,2439646.01
2020-07-16,4741.53,4772.56,4516.25,4513.65,2846571.25,-228.22,-4.81,4734.7,4707.609,4422.845,2985766.4,3294320.08,2388761.13
2020-07-15,4821.52,4837.48,4744.47,4723.36,2723890.0,-62.22,-1.29,4799.604,4689.568,4397.761,3118545.95,3262602.33,2301958.34
2020-07-14,4836.17,4860.44,4806.69,4729.93,2972419.75,-46.27,-0.95,4805.51,4639.899,4358.287,3269917.65,3160203.78,2231412.77
2020-07-13,4742.37,4878.08,4852.96,4741.87,3216454.5,99.83,2.1,4783.798,4575.626,4318.107,3487450.8,2988895.33,2149875.11
2020-07-10,4796.09,4821.37,4753.13,4734.47,3169496.5,-87.64,-1.81,4747.224,4501.302,4275.253,3655801.95,2798115.73,2052706.85
2020-07-09,4770.08,4854.12,4840.77,4757.29,3510469.0,66.77,1.4,4680.518,4439.888,4239.582,3602873.75,2602878.54,1950364.89
2020-07-08,4692.86,4803.36,4774.0,4670.65,3480748.5,75.87,1.61,4579.532,4367.99,4199.895,3406658.7,2381061.15,1832493.67
2020-07-07,4739.61,4796.32,4698.13,4688.06,4060085.5,28.04,0.6,4474.288,4300.795,4162.292,3050489.9,2188815.76,1727419.16
2020-07-06,4465.81,4678.11,4670.09,4465.81,4058210.25,250.49,5.67,4367.454,4240.853,4127.448,2490339.85,1935754.2,1575636.85
2020-07-03,4353.19,4419.6,4419.6,4348.45,2904855.5,83.76,1.93,4255.38,4178.282,4093.053,1940429.5,1668081.94,1424865.21
2020-07-02,4239.41,4340.1,4335.84,4238.12,2529393.75,88.06,2.07,4199.258,4138.081,4071.256,1602883.32,1483202.19,1347921.18
2020-07-01,4172.64,4247.78,4247.78,4163.5,1699904.5,83.82,2.01,4156.448,4105.954,4053.642,1355463.6,1341314.35,1293603.02
2020-06-30,4130.0,4174.42,4163.96,4129.78,1259335.25,54.24,1.32,4127.302,4076.675,4039.82,1327141.62,1302621.76,1276836.12
2020-06-29,4127.93,4137.37,4109.72,4092.54,1308658.5,-29.27,-0.71,4114.252,4060.587,4024.973,1381168.55,1310854.89,1260776.27
2020-06-24,4128.1,4144.68,4138.99,4123.36,1217124.62,17.2,0.42,4101.184,4049.203,4012.319,1395734.37,1307297.97,1241875.38
2020-06-23,4098.04,4124.73,4121.79,4080.75,1292295.12,19.74,0.48,4076.904,4039.275,3997.65,1363521.05,1297851.24,1222875.06
2020-06-22,4097.51,4126.94,4102.05,4088.78,1558294.62,3.34,0.08,4055.46,4031.799,3985.199,1327165.1,1283926.2,1196984.34
2020-06-19,4047.05,4109.36,4098.71,4043.49,1529469.88,54.33,1.34,4026.048,4023.789,3971.562,1278101.9,1266022.55,1158586.28
2020-06-18,4009.78,4047.56,4044.38,4000.9,1381487.62,26.79,0.67,4006.922,4014.043,3957.83,1240541.22,1215519.51,1133801.96
2020-06-17,4018.61,4018.61,4017.59,3992.13,1056058.0,3.02,0.07,3997.222,4007.824,3951.3,1218861.58,1181648.48,1112158.1
2020-06-16,3995.58,4014.57,4014.57,3987.86,1110515.38,59.58,1.51,4001.646,4004.43,3947.182,1232181.43,1212640.17,1109750.77
2020-06-15,3982.97,4007.14,3954.99,3954.99,1312978.62,-48.09,-1.2,4008.138,4001.33,3944.266,1240687.3,1245891.69,1101232.65
2020-06-12,3931.62,4011.06,4003.08,3927.25,1341666.5,7.2,0.18,4021.53,4002.965,3942.662,1253943.2,1251050.48,1091984.6
2020-06-11,4031.74,4043.01,3995.88,3979.75,1273089.38,-43.83,-1.08,4021.164,3989.359,3938.149,1190497.79,1210697.66,1071210.47
2020-06-10,4046.23,4046.23,4039.71,4024.42,1122657.25,-7.32,-0.18,4018.426,3975.434,3934.616,1144435.39,1176452.78,1051821.0
2020-06-09,4027.56,4052.16,4047.03,4016.34,1153044.75,25.08,0.62,4007.214,3956.024,3931.043,1193098.91,1147898.89,1039783.47
2020-06-08,4023.61,4050.22,4021.95,4016.1,1379258.12,20.7,0.52,3994.522,3938.598,3926.703,1251096.09,1110042.49,1031256.51
2020-06-05,3988.22,4001.25,4001.25,3967.93,1024439.44,19.06,0.48,3984.4,3919.335,3923.615,1248157.76,1051150.0,1023630.51
2020-06-04,3998.16,3999.81,3982.19,3968.57,1042777.38,-1.46,-0.04,3957.554,3901.616,3921.733,1230897.54,1052084.42,1030880.2
2020-06-03,4001.17,4018.68,3983.65,3982.93,1365974.88,0.08,0.0,3932.442,3894.776,3918.868,1208470.17,1042667.71,1031498.66
2020-06-02,3969.95,3991.78,3983.57,3958.98,1443030.62,12.23,0.31,3904.834,3889.933,3916.498,1102698.86,1006861.37,1033127.75
2020-06-01,3901.73,3976.32,3971.34,3901.73,1364566.5,104.32,2.7,3882.674,3887.201,3912.949,968988.89,956573.61,1027434.78
2020-05-29,3838.38,3872.3,3867.02,3830.42,938138.31,10.39,0.27,3854.27,3882.358,3907.733,854142.24,932918.72,1007133.75
2020-05-28,3848.49,3885.42,3856.63,3818.43,930640.56,11.02,0.29,3845.678,3886.938,3906.84,873271.3,931723.27,1021273.57
2020-05-27,3873.7,3873.7,3845.61,3838.42,837118.31,-27.16,-0.7,3857.11,3893.797,3905.147,876865.25,927189.22,1022472.92
2020-05-26,3850.0,3874.75,3872.77,3844.48,774480.75,43.45,1.14,3875.032,3906.061,3902.715,911023.89,931668.06,1028039.07
2020-05-25,3828.32,3835.63,3829.32,3800.18,790333.25,5.26,0.14,3891.728,3914.808,3900.564,944158.32,952470.54,1037069.26
2020-05-22,3907.58,3907.58,3824.06,3818.15,1033783.62,-89.73,-2.29,3910.446,3927.894,3901.067,1011695.2,996111.01,1040502.33
2020-05-21,3950.6,3951.74,3913.79,3907.58,948610.31,-21.43,-0.55,3928.198,3941.85,3900.266,990175.24,1009675.99,1040274.09
2020-05-20,3955.71,3955.71,3935.22,3923.92,1007911.5,-21.03,-0.53,3930.484,3942.96,3897.25,977513.19,1020329.61,1042850.13
2020-05-19,3963.78,3966.85,3956.25,3944.07,940152.94,33.34,0.85,3937.09,3943.063,3892.463,952312.22,1059394.13,1058456.7
2020-05-18,3914.66,3946.43,3922.91,3898.4,1128017.62,10.09,0.26,3937.888,3938.696,3884.77,960782.75,1098295.96,1059423.04
2020-05-15,3941.13,3945.2,3912.82,3907.4,926183.81,-12.4,-0.32,3945.342,3933.108,3878.492,980526.82,1081348.79,1057253.15
2020-05-14,3952.2,3952.2,3925.22,3924.05,885300.06,-43.03,-1.08,3955.502,3926.741,3874.136,1029176.74,1110823.88,1066262.75
2020-05-13,3946.64,3972.53,3968.25,3932.57,881906.69,8.01,0.2,3955.436,3916.496,3865.538,1063146.03,1117756.61,1061524.42
2020-05-12,3961.34,3970.11,3960.24,3930.21,982505.56,0.06,0.0,3949.036,3899.368,3855.585,1166476.04,1124410.08,1068651.57
2020-05-11,3974.76,3998.1,3960.18,3944.5,1226738.0,-3.44,-0.09,3939.504,3886.319,3847.213,1235809.18,1121667.98,1069768.8
2020-05-08,3943.0,3979.66,3963.62,3935.98,1169433.38,38.73,0.99,3920.874,3874.239,3838.221,1182170.75,1084893.64,1064126.66
2020-05-07,3937.59,3941.48,3924.89,3915.9,1055146.5,-11.36,-0.29,3897.98,3858.682,3829.941,1192471.03,1070872.19,1077044.0
2020-05-06,3867.26,3937.69,3936.25,3865.99,1398556.75,23.67,0.6,3877.556,3851.539,3819.358,1172367.2,1065370.65,1074199.22
2020-04-30,3880.41,3921.7,3912.58,3880.41,1329171.25,45.55,1.18,3849.7,3841.863,3809.272,1082344.13,1057519.28,1061855.49
2020-04-29,3837.51,3880.74,3867.03,3833.72,958545.88,17.88,0.47,3833.134,3830.843,3797.397,1007526.78,1020550.11,1055073.24
2020-04-28,3835.35,3859.68,3849.15,3768.2,1220934.75,26.38,0.69,3827.604,3823.876,3788.353,987616.53,1033157.51,1062872.46
2020-04-27,3808.02,3842.87,3822.77,3793.77,954627.38,25.8,0.68,3819.384,3821.531,3779.601,949273.35,1021701.63,1065264.06
2020-04-24,3826.31,3827.21,3796.97,3787.07,948441.38,-32.78,-0.86,3825.522,3814.58,3773.966,958374.1,1005292.23,1079563.19
2020-04-23,3851.91,3857.47,3829.75,3826.56,955084.5,-9.63,-0.25,3834.026,3811.801,3769.02,1032694.42,1012893.05,1088296.45
2020-04-22,3789.13,3839.38,3839.38,3782.21,858994.62,31.33,0.82,3828.552,3808.107,3763.658,1033573.45,1017869.63,1117290.21
2020-04-21,3838.23,3838.23,3808.05,3780.0,1029218.88,-45.41,-1.18,3820.148,3802.203,3752.945,1078698.5,1043359.68,1145891.99
2020-04-20,3747.84,3853.81,3853.46,3733.8,1000131.12,13.97,0.36,3823.678,3801.2,3739.058,1094129.9,1083215.82,1162985.44
2020-04-17,3831.92,3863.45,3839.49,3821.42,1320043.0,37.11,0.98,3803.638,3787.176,3729.046,1052210.36,1083027.79,1182780.38
2020-04-16,3777.8,3807.36,3802.38,3774.56,959479.62,5.02,0.13,3789.576,3776.68,3716.526,993091.68,1066191.7,1207181.94
2020-04-15,3820.85,3829.8,3797.36,3793.44,1084619.88,-28.34,-0.74,3787.662,3763.95,3708.22,1002165.81,1089596.36,1236726.73
2020-04-14,3777.83,3825.76,3825.7,3764.98,1106375.88,72.44,1.93,3784.258,3752.83,3703.836,1008020.86,1092587.4,1265618.8
2020-04-13,3751.71,3769.88,3753.26,3740.19,790533.44,-15.92,-0.42,3778.722,3737.671,3698.943,1072301.74,1108826.49,1303284.14
2020-04-10,3794.84,3824.74,3769.18,3758.96,1024449.56,-23.63,-0.62,3770.714,3733.351,3706.045,1113845.21,1153834.14,1357905.83
2020-04-09,3798.49,3801.72,3792.81,3785.31,1004850.31,12.47,0.33,3763.784,3726.238,3715.132,1139291.72,1163699.85,1385213.58
2020-04-08,3776.42,3793.0,3780.34,3767.29,1113895.12,-17.68,-0.47,3740.238,3719.209,3726.913,1177026.91,1216710.78,1415799.12
2020-04-07,3779.91,3803.63,3798.02,3772.21,1427780.25,84.8,2.28,3721.402,3703.686,3742.032,1177153.94,1248424.29,1458812.56
2020-04-03,3721.48,3738.83,3713.22,3698.98,998250.81,-21.31,-0.57,3696.62,3676.915,3751.988,1145351.24,1242755.06,1491474.57
2020-04-02,3656.32,3734.53,3734.53,3652.32,1151682.12,59.45,1.62,3695.988,3670.915,3773.252,1193823.07,1282532.97,1527799.89
2020-04-01,3682.3,3731.78,3675.08,3670.97,1193526.25,-11.08,-0.3,3688.692,3656.371,3796.862,1188107.97,1348172.17,1586127.34
2020-03-31,3708.14,3716.07,3686.16,3676.2,1114530.25,12.05,0.33,3698.18,3652.489,3818.861,1256394.65,1383857.1,1617663.39
2020-03-30,3657.46,3690.64,3674.11,3637.59,1268766.75,-35.95,-0.97,3685.97,3654.841,3839.121,1319694.65,1438650.2,1671621.77
2020-03-27,3746.39,3758.78,3710.06,3709.92,1240610.0,12.01,0.33,3657.21,3660.214,3858.899,1340158.87,1497741.79,1717840.21
2020-03-26,3692.61,3736.25,3698.05,3681.27,1123106.62,-24.47,-0.66,3645.842,3678.739,3870.398,1371242.87,1561977.51,1770947.26
2020-03-25,3711.48,3732.65,3722.52,3685.99,1534959.62,97.41,2.69,3624.05,3704.025,3889.74,1508236.37,1606727.31,1805437.41
2020-03-24,3598.65,3627.76,3625.11,3545.45,1431030.25,94.8,2.69,3606.798,3734.616,3907.265,1511319.55,1614887.46,1859236.46
2020-03-23,3542.68,3585.8,3530.31,3523.79,1371087.88,-122.91,-3.36,3623.712,3780.378,3932.202,1557605.75,1669200.84,1909768.86
2020-03-20,3629.51,3663.95,3653.22,3588.78,1396030.0,64.13,1.79,3663.218,3827.06,3962.328,1655324.7,1740194.09,1947649.11
2020-03-19,3623.79,3647.99,3589.09,3503.19,1808074.12,-47.17,-1.3,3711.636,3875.589,3987.142,1752712.15,1773066.8,1986454.41
2020-03-18,3729.69,3775.85,3636.26,3636.26,1550375.5,-73.42,-1.98,3784.0,3937.353,4014.92,1705218.25,1824082.51,2002167.02
2020-03-17,3739.78,3786.89,3709.68,3618.31,1662461.25,-18.16,-0.49,3862.434,3985.232,4035.673,1718455.37,1851469.69,2009171.46
2020-03-16,3899.86,3899.86,3727.84,3720.51,1859682.62,-167.47,-4.3,3937.044,4023.4,4053.064,1780795.92,1904593.34,2007666.51
2020-03-13,3771.01,3937.18,3895.31,3765.15,1882967.25,-55.6,-1.41,3990.902,4057.583,4070.543,1825063.47,1937938.62,2006071.87
2020-03-12,3976.11,3987.43,3950.91,3926.27,1570604.62,-77.52,-1.92,4039.542,4062.057,4075.164,1793421.45,1979917.0,1983543.41
2020-03-11,4090.93,4091.27,4028.43,4028.4,1616561.12,-54.3,-1.33,4090.706,4075.454,4075.615,1942946.77,2004147.51,1977514.09
2020-03-10,3975.23,4093.0,4082.73,3954.75,1974164.0,85.6,2.14,4108.03,4079.913,4073.415,1984484.0,2103585.45,1960041.2
2020-03-09,4063.08,4063.08,3997.13,3995.13,2081020.38,-141.38,-3.42,4109.756,4084.025,4066.901,2028390.75,2150336.88,1933053.84
2020-03-06,4158.2,4181.31,4138.51,4135.39,1724757.12,-68.22,-1.62,4124.264,4097.596,4062.845,2050813.77,2155104.14,1903206.31
2020-03-05,4150.21,4215.85,4206.73,4127.04,2318231.25,91.68,2.23,4084.572,4098.694,4050.913,2166412.55,2199842.03,1892834.33
2020-03-04,4078.5,4115.26,4115.05,4060.73,1824247.25,23.69,0.58,4060.202,4092.487,4035.566,2065348.25,2180251.53,1865153.89
2020-03-03,4125.14,4147.65,4091.36,4067.91,2193697.75,21.69,0.53,4051.796,4086.113,4021.24,2222686.9,2166873.24,1861404.29
2020-03-02,3968.84,4092.54,4069.67,3968.84,2193135.5,129.62,3.29,4058.294,4082.728,4005.954,2272283.0,2110739.69,1858686.06
2020-02-28,3988.73,4031.15,3940.05,3928.07,2302751.0,-144.83,-3.55,4070.928,4083.503,3986.888,2259394.5,2074205.11,1827809.11
2020-02-27,4084.08,4110.53,4084.88,4067.44,1812909.75,11.86,0.29,4112.816,4088.271,3990.081,2233271.5,1987169.81,1792850.36
2020-02-26,4070.1,4132.78,4073.02,4061.13,2610940.5,-50.83,-1.23,4124.772,4075.775,3992.433,2295154.8,1950880.68,1765584.26
2020-02-25,4066.3,4126.71,4123.85,4020.91,2441678.25,-8.99,-0.22,4120.43,4066.916,3994.498,2111059.58,1816496.95,1700300.99
2020-02-24,4131.84,4149.01,4132.84,4097.18,2128693.0,-16.65,-0.4,4107.162,4049.777,3997.597,1949196.38,1715770.8,1639421.65
2020-02-21,4134.87,4184.44,4149.49,4130.17,2172136.0,4.83,0.12,4096.078,4028.094,3998.697,1889015.73,1651308.48,1582349.84
2020-02-20,4062.9,4148.53,4144.66,4055.81,2122326.25,93.35,2.3,4063.726,4003.132,3998.675,1741068.13,1585826.64,1523876.86
2020-02-19,4049.59,4085.17,4051.31,4042.85,1690464.38,-6.2,-0.15,4026.778,3978.644,3999.778,1606606.55,1550056.25,1470077.12
2020-02-18,4069.83,4076.39,4057.51,4027.79,1632362.25,-19.91,-0.49,4013.402,3956.366,4006.707,1521934.33,1555935.34,1450214.29
2020-02-17,3999.65,4077.45,4077.42,3999.65,1827789.75,89.69,2.25,3992.392,3929.179,4014.031,1482345.23,1606632.44,1428442.18
2020-02-14,3954.23,4001.56,3987.73,3954.02,1432398.0,27.81,0.7,3960.11,3890.273,4018.319,1413601.23,1581413.11,1393568.55
2020-02-13,3985.88,3999.55,3959.92,3950.14,1450018.38,-24.51,-0.61,3942.538,3891.89,4027.151,1430585.15,1598530.91,1390391.81
2020-02-12,3945.67,3984.43,3984.43,3940.67,1267103.25,31.97,0.81,3930.51,3909.091,4034.771,1493505.95,1580287.84,1401683.82
2020-02-11,3926.42,3970.52,3952.46,3915.71,1434416.75,36.45,0.93,3899.33,3922.079,4043.561,1589936.35,1584105.02,1408073.17
2020-02-10,3872.37,3920.17,3916.01,3861.01,1484069.75,16.14,0.41,3865.966,3945.416,4052.403,1730919.65,1563072.5,1424007.31
2020-02-07,3879.55,3899.88,3899.87,3849.71,1517317.62,0.09,0.0,3820.436,3969.3,4063.851,1749225.0,1513391.21,1421216.94
2020-02-06,3841.75,3914.92,3899.78,3806.96,1764622.38,71.25,1.86,3841.242,3994.217,4076.469,1766476.68,1461927.09,1436409.45
2020-02-05,3801.1,3866.01,3828.53,3781.61,1749255.25,42.89,1.13,3887.672,4020.912,4086.309,1667069.72,1390097.99,1409810.46
2020-02-04,3652.0,3786.86,3785.64,3652.0,2139333.25,97.28,2.64,3944.828,4057.048,4098.964,1578273.7,1344493.25,1400333.44
2020-02-03,3639.91,3732.16,3688.36,3639.91,1575596.5,-315.54,-7.88,4024.866,4098.883,4110.784,1395225.35,1250251.91,1368829.99
2020-01-23,4093.32,4103.52,4003.9,3972.39,1603576.0,-128.03,-3.1,4118.164,4146.365,4127.665,1277557.41,1205723.99,1344480.48
2020-01-22,4093.8,4141.18,4131.93,4046.49,1267587.62,17.62,0.43,4147.192,4162.412,4127.014,1157377.5,1182252.71,1311771.13
2020-01-21,4165.02,4165.02,4114.31,4113.33,1305275.12,-71.52,-1.71,4154.152,4160.451,4120.065,1113126.25,1223079.8,1296386.27
2020-01-20,4170.74,4185.96,4185.83,4149.49,1224091.5,30.98,0.75,4169.268,4165.043,4112.705,1110712.8,1232041.31,1292530.64
2020-01-17,4162.19,4177.03,4154.85,4141.64,987256.81,5.81,0.14,4172.9,4159.39,4104.276,1105278.48,1284942.11,1291959.89
2020-01-16,4174.82,4175.29,4149.04,4142.18,1002676.44,-17.69,-0.42,4174.566,4158.401,4097.891,1133890.57,1329042.68,1301547.33
2020-01-15,4186.88,4193.87,4166.73,4150.88,1046331.38,-23.16,-0.55,4177.632,4158.721,4092.078,1207127.93,1410891.81,1327089.39
2020-01-14,4215.16,4223.51,4189.89,4188.08,1293207.88,-14.1,-0.34,4166.75,4151.706,4085.831,1333033.35,1429522.94,1375354.29
2020-01-13,4166.93,4203.99,4203.99,4148.6,1196919.88,40.81,0.98,4160.818,4140.88,4075.714,1353369.83,1456173.64,1384937.23
2020-01-10,4177.58,4180.98,4163.18,4148.48,1130317.25,-1.19,-0.03,4145.88,4122.684,4063.926,1464605.75,1487408.06,1399376.92
2020-01-09,4145.53,4165.66,4164.37,4143.59,1368863.25,52.05,1.27,4142.236,4108.965,4050.318,1524194.8,1483236.98,1385215.22
2020-01-08,4139.63,4149.81,4112.32,4101.98,1675858.5,-47.91,-1.15,4139.81,4091.615,4037.237,1614655.7,1441289.54,1366654.8
2020-01-07,4137.4,4161.25,4160.23,4135.1,1394890.25,30.93,0.75,4136.662,4079.679,4026.64,1526012.52,1369692.73,1325993.33
2020-01-06,4120.52,4170.64,4129.3,4102.38,1753099.5,-15.66,-0.38,4120.942,4060.366,4013.401,1558977.45,1353019.96,1303925.72
2020-01-03,4161.22,4164.3,4144.96,4131.86,1428262.5,-7.28,-0.17,4099.488,4049.161,4002.055,1510210.37,1298977.67,1255595.19
2020-01-02,4121.35,4172.66,4152.24,4121.35,1821167.75,55.66,1.36,4075.694,4037.38,3988.775,1442279.15,1274051.98,1228707.67
2019-12-31,4077.75,4098.14,4096.58,4069.01,1232642.62,14.95,0.37,4043.42,4025.434,3973.654,1267923.38,1243286.97,1177490.97
2019-12-30,4015.52,4083.69,4081.63,4001.5,1559714.88,59.6,1.48,4022.696,4019.956,3961.38,1213372.94,1321185.64,1152664.46
2019-12-27,4029.25,4066.8,4022.03,4019.72,1509264.12,-3.96,-0.1,3999.79,4010.548,3949.101,1147062.46,1313700.83,1113384.8
2019-12-26,3993.67,4025.99,4025.99,3993.54,1088606.38,35.12,0.88,3998.834,4005.167,3939.433,1087744.96,1311345.77,1074993.76
2019-12-25,3988.66,4000.56,3990.87,3976.36,949388.88,-2.09,-0.05,3999.066,3991.67,3931.249,1105824.81,1287193.46,1053178.5
2019-12-24,3971.56,3994.51,3992.96,3963.67,959890.44,25.86,0.65,4007.448,3982.858,3925.486,1218650.56,1292020.06,1043927.71
2019-12-23,4014.69,4032.17,3967.1,3964.38,1228162.5,-50.15,-1.25,4017.216,3973.6,3920.421,1428998.35,1282293.94,1051689.96
2019-12-20,4032.15,4046.73,4017.25,4014.93,1212676.62,-9.9,-0.25,4021.306,3966.435,3915.976,1480339.2,1254831.49,1043314.98
2019-12-19,4034.62,4038.54,4027.15,4014.9,1179005.62,-5.63,-0.14,4011.5,3954.949,3907.613,1534946.57,1212212.72,1028202.47
2019-12-18,4039.72,4057.64,4032.78,4025.34,1513517.62,-9.02,-0.22,3984.274,3940.17,3900.736,1468562.11,1183363.35,1003817.45
2019-12-17,3987.74,4067.14,4041.8,3984.52,2011629.38,54.25,1.36,3958.268,3921.874,3894.49,1365389.55,1111694.98,966549.24
2019-12-16,3970.71,3987.59,3987.55,3953.51,1484866.75,19.33,0.49,3929.984,3902.803,3889.752,1135589.52,984143.28,907048.28
2019-12-13,3928.0,3969.46,3968.22,3925.28,1485713.5,77.2,1.98,3911.564,3887.654,3885.771,1029323.79,913068.78,871127.94
2019-12-12,3908.45,3908.45,3891.02,3886.12,847083.31,-11.73,-0.3,3898.398,3873.699,3881.214,889478.86,838641.76,838707.73
2019-12-11,3907.16,3909.39,3902.75,3890.34,997654.81,2.37,0.06,3896.066,3870.827,3881.956,898164.59,819163.55,839857.78
2019-12-10,3886.44,3900.96,3900.38,3882.09,862629.25,4.93,0.13,3885.48,3868.114,3881.818,858000.4,795835.37,828349.58
2019-12-09,3909.53,3911.97,3895.45,3885.25,953538.06,-6.94,-0.18,3875.622,3867.241,3881.983,832697.03,821085.98,823489.65
2019-12-06,3885.06,3902.39,3902.39,3878.7,786488.88,23.03,0.59,3863.744,3865.517,3882.36,796813.77,831798.47,822890.56
2019-12-05,3863.61,3883.4,3879.36,3859.82,890511.94,29.54,0.77,3849.0,3860.277,3885.891,787804.65,844192.22,832119.59
2019-12-04,3841.66,3852.99,3849.82,3831.07,796833.88,-1.27,-0.03,3845.588,3861.301,3891.516,740162.5,824271.56,831221.44
2019-12-03,3829.21,3851.12,3851.09,3811.63,736112.38,15.03,0.39,3850.748,3867.105,3898.269,733670.34,821403.5,840036.22
2019-12-02,3835.51,3854.75,3836.06,3829.31,774121.75,7.39,0.19,3858.86,3876.7,3905.855,809474.94,829953.29,859686.54
2019-11-29,3857.19,3861.66,3828.67,3804.83,741443.31,-33.63,-0.87,3867.29,3883.887,3912.958,866783.16,829187.11,873077.38
2019-11-28,3877.9,3887.69,3862.3,3852.01,652301.19,-13.32,-0.34,3871.554,3888.729,3919.144,900579.78,838773.7,886350.02
2019-11-27,3883.43,3889.98,3875.62,3862.7,764373.06,-16.03,-0.41,3877.014,3893.085,3920.367,908380.62,860552.02,897092.23
2019-11-26,3893.43,3899.11,3891.65,3869.59,1115135.38,13.44,0.35,3883.462,3895.521,3921.147,909136.67,860863.79,897810.04
2019-11-25,3850.97,3878.25,3878.21,3839.42,1060662.88,28.22,0.73,3894.54,3896.725,3922.076,850431.64,825893.32,883181.81
2019-11-22,3894.17,3918.84,3849.99,3833.5,910426.38,-39.61,-1.02,3900.484,3899.202,3924.495,791591.05,813982.65,878851.68
2019-11-21,3894.54,3901.83,3889.6,3875.97,691305.38,-18.26,-0.47,3905.904,3911.504,3926.835,776967.61,820046.96,872057.17
2019-11-20,3940.13,3943.23,3907.86,3901.99,768153.31,-39.18,-0.99,3909.156,3921.731,3925.889,812723.43,838171.33,873159.19
2019-11-19,3904.1,3947.04,3947.04,3902.38,821610.25,39.11,1.0,3907.58,3929.433,3924.05,812590.91,858668.95,869850.83
2019-11-18,3874.44,3913.1,3907.93,3868.32,766459.94,30.84,0.8,3898.91,3935.01,3921.492,801355.0,889419.8,863229.6
2019-11-15,3908.49,3915.1,3877.09,3877.09,837309.19,-28.77,-0.74,3897.92,3942.029,3920.137,836374.25,916967.66,861998.07
2019-11-14,3905.93,3916.95,3905.86,3895.14,870084.44,5.88,0.15,3917.104,3949.559,3919.752,863126.31,933926.35,861293.18
2019-11-13,3905.28,3908.42,3899.98,3882.43,767490.75,-3.71,-0.1,3934.306,3947.648,3920.72,863619.23,933632.44,850220.83
2019-11-12,3905.96,3914.88,3903.69,3877.74,765430.69,0.71,0.02,3951.286,3946.773,3921.855,904746.98,934756.29,853461.14
2019-11-11,3948.62,3948.62,3902.98,3897.55,941556.19,-70.03,-1.76,3971.11,3947.427,3923.483,977484.59,940470.3,857826.58
2019-11-08,4017.67,4022.04,3973.01,3971.57,971069.5,-18.86,-0.47,3986.138,3949.788,3925.996,997561.06,943720.7,871945.58
2019-11-07,3984.55,4005.38,3991.87,3975.55,872549.0,6.99,0.17,3982.014,3942.166,3922.932,1004726.39,924067.37,870098.39
2019-11-06,4006.33,4007.5,3984.88,3973.78,973129.5,-17.93,-0.45,3960.99,3930.046,3917.071,1003645.66,908147.04,866082.29
2019-11-05,3982.12,4030.64,4002.81,3970.87,1129118.75,24.69,0.62,3942.26,3918.666,3909.989,964765.61,881032.72,855353.07
2019-11-04,3964.01,3985.36,3978.12,3964.01,1041938.56,25.73,0.65,3923.744,3907.973,3901.732,903456.01,837039.41,837226.06
2019-11-01,3883.81,3956.08,3952.39,3876.42,1006896.12,65.64,1.69,3913.438,3898.245,3893.553,889880.34,807028.48,818094.79
2019-10-31,3906.86,3907.15,3886.75,3878.88,867145.38,-4.48,-0.12,3902.318,3889.944,3888.566,843408.35,788660.0,804751.96
2019-10-30,3904.72,3908.1,3891.23,3883.45,778729.25,-19.0,-0.49,3899.102,3893.791,3886.285,812648.43,766809.21,812743.84
2019-10-29,3929.71,3932.37,3910.23,3910.23,822570.75,-16.36,-0.42,3895.072,3896.937,3885.273,797299.83,772165.99,818567.8
2019-10-28,3904.98,3927.8,3926.59,3897.82,974060.19,29.8,0.77,3892.202,3899.539,3884.815,770622.81,775182.86,821330.88
2019-10-25,3871.77,3899.72,3896.79,3849.03,774536.19,26.12,0.68,3883.052,3902.204,3883.019,724176.61,800170.46,819645.98
2019-10-24,3877.92,3890.2,3870.67,3852.58,713345.75,-0.41,-0.01,3877.57,3903.698,3884.962,733911.65,816129.41,832647.15
2019-10-23,3892.68,3901.42,3871.08,3862.2,701986.25,-24.8,-0.64,3888.48,3904.095,3887.647,720969.99,824017.53,839971.98
2019-10-22,3896.31,3897.44,3895.88,3870.55,689185.69,15.04,0.39,3898.802,3901.311,3889.597,747032.15,829673.42,845900.74
2019-10-21,3865.34,3884.74,3880.84,3856.04,741829.19,11.46,0.3,3906.876,3895.491,3889.364,779742.91,837412.71,868288.61
2019-10-18,3935.42,3940.54,3869.38,3864.97,823211.38,-55.84,-1.42,3921.356,3888.86,3893.208,876164.3,829161.11,886327.05
2019-10-17,3929.39,3935.81,3925.22,3913.92,648637.44,2.53,0.06,3929.826,3887.187,3898.358,898347.17,820843.92,900287.12
2019-10-16,3939.28,3964.05,3922.69,3919.02,832297.06,-13.56,-0.34,3919.71,3878.779,3898.602,927065.07,858678.47,933652.69
2019-10-15,3953.16,3953.16,3936.25,3928.15,852739.5,-16.99,-0.43,3903.82,3873.608,3900.431,912314.69,864969.61,957482.53
2019-10-14,3944.86,3983.81,3953.24,3934.73,1223936.12,41.51,1.06,3884.106,3870.091,3902.266,895082.51,867478.89,988250.43
2019-10-11,3885.52,3922.37,3911.73,3868.84,934125.75,37.09,0.96,3856.364,3863.833,3902.03,782157.91,839121.5,987994.81
2019-10-10,3838.49,3877.14,3874.64,3829.43,792226.94,31.4,0.82,3844.548,3866.225,3902.709,743340.66,849164.88,1032116.63
2019-10-09,3822.61,3845.34,3843.24,3805.07,758545.12,5.56,0.14,3837.848,3871.199,3903.277,790291.87,855926.42,1055819.59
2019-10-08,3818.59,3861.64,3837.68,3818.59,766578.62,23.15,0.61,3843.396,3877.883,3903.796,817624.52,862128.06,1066749.65
2019-09-30,3842.07,3857.23,3814.53,3813.55,659313.12,-38.12,-0.99,3856.076,3883.237,3904.328,839875.26,899164.51,1083565.4
2019-09-27,3843.46,3859.5,3852.65,3832.25,740039.5,11.51,0.3,3871.302,3897.556,3903.581,896085.09,943493.0,1098947.32
2019-09-26,3884.7,3890.75,3841.14,3840.25,1026983.0,-29.84,-0.77,3887.902,3909.529,3900.458,954989.1,979730.33,1103987.03
2019-09-25,3887.55,3889.84,3870.98,3867.23,895208.38,-30.1,-0.77,3904.55,3918.425,3898.53,921560.98,1008626.9,1097013.29
2019-09-24,3895.87,3927.01,3901.08,3886.14,877832.31,10.42,0.27,3912.37,3927.254,3895.828,906631.6,1049995.45,1114618.61
2019-09-23,3925.19,3925.19,3890.66,3868.21,940362.25,-44.99,-1.14,3910.398,3934.441,3889.07,958453.76,1109021.97,1117656.63
2019-09-20,3933.46,3942.22,3935.65,3921.41,1034559.56,11.27,0.29,3923.81,3940.226,3885.58,990900.91,1136868.12,1114615.81
2019-09-19,3923.96,3924.38,3924.38,3897.07,859842.38,14.3,0.37,3931.156,3939.193,3878.473,1004471.55,1215068.39,1105791.73
2019-09-18,3902.99,3923.15,3910.08,3902.51,820561.5,18.86,0.48,3932.3,3935.355,3871.342,1095692.82,1255712.76,1103949.55
2019-09-17,3947.16,3947.16,3891.22,3879.49,1136943.12,-66.5,-1.68,3942.138,3929.708,3865.224,1193359.3,1271371.24,1117222.52
2019-09-16,3981.36,3982.2,3957.72,3943.37,1102598.0,-14.66,-0.37,3958.484,3925.418,3860.218,1259590.18,1267966.28,1130038.87
2019-09-12,3944.69,3975.93,3972.38,3933.44,1102412.75,42.28,1.08,3956.642,3909.605,3847.859,1282835.33,1254401.63,1119068.55
2019-09-11,3969.68,3971.22,3930.1,3922.95,1315948.75,-29.17,-0.74,3947.23,3891.386,3833.94,1425665.23,1228243.74,1108247.33
2019-09-10,3976.87,3976.92,3959.27,3938.74,1308893.88,-13.68,-0.34,3938.41,3878.634,3821.555,1415732.7,1185399.68,1088051.18
2019-09-09,3980.96,3985.24,3972.95,3954.88,1468097.5,24.44,0.62,3917.278,3864.402,3806.879,1349383.19,1179241.77,1060856.64
2019-09-06,3946.69,3948.54,3948.51,3922.34,1218823.75,23.19,0.59,3892.352,3843.698,3793.186,1276342.39,1126291.29,1028493.29
2019-09-05,3909.21,3970.0,3925.32,3909.21,1816562.25,39.32,1.01,3862.568,3830.933,3777.437,1225967.94,1092363.49,1010199.9
2019-09-04,3848.65,3886.0,3886.0,3846.42,1266286.12,32.39,0.84,3835.542,3817.752,3764.636,1030822.26,996515.06,963600.64
2019-09-03,3852.58,3856.68,3853.61,3833.76,977146.31,5.29,0.14,3818.858,3807.328,3751.407,955066.66,952186.33,942405.69
2019-09-02,3803.69,3855.78,3848.32,3799.82,1102893.5,48.73,1.28,3811.526,3800.74,3740.543,1009100.35,963073.79,958465.31
2019-08-30,3816.68,3828.97,3799.59,3778.92,966951.5,9.4,0.25,3795.044,3795.017,3731.912,976240.19,992111.45,953983.63
2019-08-29,3805.49,3808.6,3790.19,3774.4,840833.88,-12.39,-0.33,3799.298,3786.112,3729.304,958759.05,983735.47,959804.0
2019-08-28,3818.81,3822.59,3802.58,3790.14,887508.12,-14.37,-0.38,3799.962,3776.493,3729.968,962207.86,988250.91,959819.4
2019-08-27,3791.46,3848.24,3816.95,3790.87,1247314.75,51.04,1.35,3795.798,3764.475,3731.607,949306.0,990702.69,956519.57
2019-08-26,3756.36,3778.87,3765.91,3753.16,938592.69,-54.95,-1.44,3789.954,3749.355,3734.276,917047.23,942471.51,941215.81
2019-08-23,3796.88,3829.36,3820.86,3788.03,879545.81,27.35,0.72,3794.99,3742.674,3738.694,1007982.71,930695.3,936693.36
2019-08-22,3793.86,3797.33,3793.51,3771.2,858077.94,11.75,0.31,3772.926,3723.941,3740.579,1008711.89,928036.3,934345.72
2019-08-21,3778.31,3792.6,3781.76,3775.45,822998.81,-5.97,-0.16,3753.024,3711.519,3743.457,1014293.96,930686.21,938312.03
2019-08-20,3786.03,3799.9,3787.73,3778.73,1086020.88,-3.36,-0.09,3733.152,3695.486,3745.361,1032099.38,932625.05,942632.43
2019-08-19,3736.03,3791.09,3791.09,3720.69,1393270.12,80.55,2.17,3708.756,3680.346,3745.47,967895.8,953856.84,923988.06
2019-08-16,3697.94,3738.1,3710.54,3687.08,883191.69,16.54,0.45,3690.358,3668.806,3744.999,853407.89,915855.81,900375.24
2019-08-15,3618.01,3694.3,3694.0,3612.11,885988.31,11.6,0.32,3674.956,3672.496,3749.87,847360.71,935872.54,900258.73
2019-08-14,3712.07,3717.56,3682.4,3680.61,912025.88,16.65,0.45,3670.014,3683.443,3753.59,847078.46,931387.89,899707.54
2019-08-13,3675.59,3686.43,3665.75,3658.01,765003.0,-33.35,-0.9,3657.82,3698.739,3759.702,833150.72,922336.46,901698.19
2019-08-12,3647.87,3699.1,3699.1,3643.32,820830.56,65.57,1.8,3651.936,3719.196,3766.757,939817.87,939960.11,903813.52
2019-08-09,3686.75,3689.18,3633.53,3628.12,852955.81,-35.76,-0.97,3647.254,3734.713,3773.011,978303.72,942691.42,913374.6
2019-08-08,3651.36,3675.46,3669.29,3646.94,884577.06,47.86,1.32,3670.036,3757.217,3781.771,1024384.36,940655.14,908459.79
2019-08-07,3654.63,3659.08,3621.43,3621.43,842387.19,-14.9,-0.41,3696.872,3775.395,3787.568,1015697.31,945937.86,901886.92
2019-08-06,3609.11,3649.9,3636.33,3575.86,1298338.75,-39.36,-1.07,3739.658,3795.235,3795.833,1011522.19,952639.82,896184.54
2019-08-05,3724.41,3739.5,3675.69,3675.69,1013259.81,-71.75,-1.92,3786.456,3810.593,3803.673,940102.35,894119.29,868688.97
2019-08-02,3729.13,3754.53,3747.44,3720.06,1083359.0,-56.03,-1.47,3822.172,3821.192,3810.028,907079.12,884894.68,872795.52
2019-08-01,3819.32,3831.26,3803.47,3791.55,841141.81,-31.89,-0.83,3844.398,3827.244,3817.316,856925.92,864644.93,855630.83
2019-07-31,3856.75,3856.75,3835.36,3830.09,821511.56,-34.96,-0.9,3853.918,3823.737,3820.798,876178.4,868027.19,863244.87
2019-07-30,3861.57,3890.73,3870.32,3861.57,941239.56,16.05,0.42,3850.812,3820.665,3823.706,893757.45,881059.93,878165.59
2019-07-29,3857.94,3862.75,3854.27,3842.43,848143.69,-4.3,-0.11,3834.73,3814.317,3827.049,848136.23,867666.92,897035.36
2019-07-26,3835.23,3863.59,3858.57,3832.52,832593.0,7.5,0.2,3820.212,3811.309,3831.126,862710.24,884057.78,933813.35
2019-07-25,3821.39,3851.07,3851.07,3812.95,937404.19,31.24,0.82,3810.09,3806.325,3829.477,872363.94,876264.45,934566.77
2019-07-24,3803.59,3840.06,3819.83,3803.57,909406.81,29.92,0.79,3793.556,3799.74,3828.664,859875.99,857835.99,940354.74
2019-07-23,3783.54,3792.96,3789.91,3768.76,713133.44,8.23,0.22,3790.518,3796.431,3827.389,868362.4,839729.26,935794.54
2019-07-22,3813.5,3816.54,3781.68,3765.44,921013.75,-26.28,-0.69,3793.904,3796.753,3827.959,887197.61,843258.64,962175.82
2019-07-19,3787.51,3828.15,3807.96,3787.51,880861.5,39.56,1.05,3802.406,3798.864,3830.939,905405.31,860696.36,966167.44
2019-07-18,3793.19,3793.39,3768.4,3768.0,874964.44,-36.24,-0.95,3802.56,3807.388,3832.238,880164.95,846616.73,998941.94
2019-07-17,3800.11,3820.27,3804.64,3787.9,951838.88,-2.2,-0.06,3805.924,3817.858,3835.244,855795.99,858462.54,1039629.76
2019-07-16,3819.25,3828.33,3806.84,3799.87,807309.5,-17.35,-0.45,3802.344,3826.747,3830.809,811096.11,875271.26,1054835.67
2019-07-15,3792.64,3844.87,3824.19,3745.85,1012052.25,15.46,0.41,3799.602,3839.78,3823.848,799319.67,926403.81,1049816.33
2019-07-12,3783.07,3820.24,3808.73,3774.52,754659.69,23.51,0.62,3795.322,3850.942,3815.379,815987.4,983568.92,1035702.06
2019-07-11,3806.19,3830.74,3785.22,3774.41,753119.62,-1.52,-0.04,3812.216,3852.628,3807.687,813068.51,992869.09,1048877.57
2019-07-10,3807.95,3810.4,3786.74,3774.23,728339.5,-6.39,-0.17,3829.792,3857.588,3802.695,861129.1,1022873.49,1059387.45
2019-07-09,3798.1,3811.1,3793.13,3774.76,748427.31,-9.66,-0.25,3851.15,3858.347,3797.913,939446.4,1031859.82,1082559.9
2019-07-08,3875.75,3875.75,3802.79,3775.03,1095390.88,-90.41,-2.32,3879.958,3859.165,3794.221,1053487.94,1081093.0,1116879.94
2019-07-05,3875.37,3900.31,3893.2,3857.93,740065.25,20.1,0.52,3906.562,3863.013,3784.618,1151150.44,1071638.53,1108297.92
2019-07-04,3895.2,3906.89,3873.1,3854.69,993422.56,-20.43,-0.53,3893.04,3857.087,3768.192,1172669.66,1151267.16,1114061.86
2019-07-03,3927.44,3927.44,3893.53,3878.84,1119926.0,-43.64,-1.11,3885.384,3852.629,3754.393,1184617.88,1220796.98,1108711.74
2019-07-02,3931.05,3942.43,3937.17,3918.94,1318635.0,1.36,0.04,3865.544,3834.87,3739.64,1124273.24,1234400.09,1096263.99
2019-07-01,3899.33,3936.67,3935.81,3886.91,1583703.38,110.22,2.88,3838.372,3807.915,3724.382,1108698.06,1173228.86,1080693.83
2019-06-28,3832.06,3835.23,3825.59,3803.05,847661.38,-9.23,-0.24,3819.464,3779.816,3709.081,992126.62,1087835.19,1046119.8
2019-06-27,3807.54,3854.08,3834.82,3805.83,1053163.62,40.49,1.07,3821.134,3762.745,3699.86,1129864.65,1104886.06,1050838.01
2019-06-26,3779.51,3809.76,3794.33,3771.72,818202.81,-6.98,-0.18,3819.874,3747.802,3691.315,1256976.07,1095901.42,1044857.55
2019-06-25,3837.43,3838.06,3801.31,3755.01,1240759.12,-39.96,-1.04,3804.196,3737.479,3685.211,1344526.94,1133259.99,1062890.53
2019-06-24,3836.31,3853.55,3841.27,3819.77,1000846.19,7.33,0.19,3777.458,3729.276,3677.006,1237759.65,1152666.88,1055268.01
2019-06-21,3832.73,3856.09,3833.94,3817.31,1536351.5,5.42,0.14,3740.168,3706.223,3664.638,1183543.76,1144957.32,1045692.73
2019-06-20,3718.94,3845.79,3828.52,3717.19,1688720.75,112.58,3.03,3704.356,3679.297,3652.139,1079907.47,1076856.57,1018824.04
2019-06-19,3761.34,3771.35,3715.94,3715.13,1255957.12,48.32,1.32,3675.73,3656.156,3643.182,934826.76,996626.51,983561.07
2019-06-18,3661.13,3675.65,3667.62,3638.78,706922.69,12.8,0.35,3670.762,3644.409,3640.724,921993.04,958127.89,976274.67
2019-06-17,3654.44,3683.77,3654.82,3645.5,729766.75,-0.06,-0.0,3681.094,3640.848,3638.232,1067574.1,988158.81,995410.28
2019-06-14,3690.48,3709.65,3654.88,3650.91,1018170.06,-30.51,-0.83,3672.278,3638.345,3637.929,1106370.87,1004404.4,1023148.56
2019-06-13,3689.58,3697.59,3685.39,3654.27,963317.19,-5.71,-0.15,3654.238,3636.975,3642.383,1073805.66,996789.96,1030369.2
2019-06-12,3706.86,3711.88,3691.1,3683.94,1191788.5,-28.18,-0.76,3636.582,3634.827,3644.468,1058426.26,993813.68,1037284.23
2019-06-11,3617.52,3723.14,3719.28,3617.52,1434828.0,108.54,3.01,3618.056,3632.943,3642.171,994262.75,992521.07,1028851.53
2019-06-10,3578.01,3623.73,3610.74,3568.28,923750.62,46.06,1.29,3600.602,3624.735,3639.643,908743.51,957869.14,1008806.06
2019-06-06,3601.04,3601.04,3564.68,3557.02,855344.0,-32.43,-0.9,3604.412,3623.052,3645.629,902437.93,946428.13,1036620.46
2019-06-05,3627.79,3634.45,3597.11,3593.95,886420.19,-1.36,-0.04,3619.712,3624.98,3647.38,919774.25,960791.51,1044371.95
2019-06-04,3632.56,3636.13,3598.47,3584.46,870970.94,-33.54,-0.92,3633.072,3630.207,3650.897,929201.1,970495.62,1056484.62
2019-06-03,3640.61,3672.81,3632.01,3613.13,1007231.81,2.22,0.06,3647.83,3637.038,3657.007,990779.39,994421.45,1079359.9
2019-05-31,3641.0,3668.18,3629.79,3627.54,892222.69,-11.39,-0.31,3648.868,3635.616,3659.638,1006994.78,1002661.74,1127734.75
2019-05-30,3648.85,3650.97,3641.18,3612.62,942025.62,-22.73,-0.62,3641.692,3637.513,3673.809,990418.34,1041892.73,1141240.3
2019-05-29,3642.54,3693.23,3663.91,3637.35,933554.44,-8.35,-0.23,3630.248,3647.791,3686.766,1001808.78,1063948.44,1171074.48
2019-05-28,3633.02,3683.23,3672.26,3627.79,1178862.38,35.06,0.96,3627.342,3654.109,3698.034,1011790.14,1080754.77,1195400.79
2019-05-27,3592.6,3648.03,3637.2,3556.26,1088308.75,43.29,1.21,3626.246,3651.398,3711.512,998063.51,1065181.99,1216318.71
2019-05-24,3584.9,3623.39,3593.91,3580.79,809340.5,9.95,0.28,3622.364,3654.551,3731.157,998328.71,1059742.98,1234652.62
2019-05-23,3629.53,3631.47,3583.96,3578.11,998977.81,-65.42,-1.79,3633.334,3668.205,3752.412,1093367.11,1126812.78,1271991.42
2019-05-22,3663.15,3679.27,3649.38,3634.75,983461.25,-17.4,-0.47,3665.334,3669.779,3774.494,1126088.1,1127952.39,1316719.41
2019-05-21,3619.44,3690.09,3666.78,3610.68,1110229.25,48.99,1.35,3680.876,3671.587,3798.056,1149719.4,1142473.62,1342943.8
2019-05-20,3635.74,3644.5,3617.79,3583.83,1089634.75,-30.97,-0.85,3676.55,3676.976,3818.321,1132300.47,1164298.34,1360713.4
2019-05-17,3744.88,3745.36,3648.76,3637.58,1284532.5,-95.2,-2.54,3686.738,3683.659,3841.793,1121157.25,1252807.76,1396415.22
2019-05-16,3720.04,3745.14,3743.96,3707.9,1162582.75,16.87,0.45,3703.076,3710.104,3863.645,1160258.45,1240587.88,1433209.58
2019-05-15,3674.99,3741.04,3727.09,3674.99,1101617.75,81.94,2.25,3674.224,3725.741,3875.223,1129816.69,1278200.53,1466403.23
2019-05-14,3630.44,3683.26,3645.15,3630.44,1023134.62,-23.58,-0.64,3662.298,3741.959,3888.299,1135227.84,1310046.82,1479253.4
2019-05-13,3675.76,3702.9,3668.73,3658.0,1033918.62,-61.72,-1.65,3677.402,3771.626,3905.921,1196296.21,1367455.43,1512621.48
2019-05-10,3643.06,3732.92,3730.45,3589.29,1480038.5,130.75,3.63,3680.58,3807.762,3926.777,1384458.26,1409562.27,1558269.36
2019-05-09,3637.35,3656.9,3599.7,3584.82,1010373.94,-67.76,-1.85,3717.132,3836.618,3944.026,1320917.31,1417170.07,1575745.84
2019-05-08,3648.55,3722.93,3667.46,3642.5,1128673.5,-53.21,-1.43,3777.258,3879.209,3966.902,1426584.38,1505486.43,1658979.93
2019-05-07,3702.27,3738.18,3720.67,3671.83,1328476.5,36.05,0.98,3821.62,3924.524,3986.641,1484865.8,1543413.99,1732751.73
2019-05-06,3775.08,3791.61,3684.62,3647.14,1974728.88,-228.59,-5.84,3865.85,3959.665,4001.715,1538614.65,1557128.46,1782286.59
2019-04-30,3887.18,3923.11,3913.21,3885.15,1162333.75,12.88,0.33,3934.944,3999.927,4016.049,1434666.27,1540022.69,1796550.32
2019-04-29,3896.58,3953.23,3900.33,3875.45,1538709.25,11.06,0.28,3956.104,4017.185,4019.085,1513422.82,1625831.27,1874124.99
2019-04-26,3921.89,3943.83,3889.27,3887.25,1420080.62,-52.55,-1.33,3981.16,4024.704,4017.685,1584388.47,1654605.92,1905009.07
2019-04-25,4013.6,4022.56,3941.82,3938.33,1597220.75,-88.27,-2.19,4027.428,4034.639,4009.642,1601962.17,1648459.97,1900641.11
2019-04-24,4033.63,4044.34,4030.09,3967.81,1454987.0,11.08,0.28,4053.48,4040.215,3999.72,1575642.27,1657787.54,1890159.29
2019-04-23,4021.63,4061.09,4019.01,4005.28,1556116.5,-6.6,-0.16,4064.91,4045.791,3983.238,1645379.1,1706976.45,1903933.23
2019-04-22,4125.97,4126.09,4025.61,4015.47,1893537.5,-95.0,-2.31,4078.266,4051.433,3969.429,1738239.72,1734321.61,1925420.57
2019-04-19,4076.3,4120.64,4120.61,4046.2,1507949.12,48.53,1.19,4068.248,4054.595,3959.838,1724823.37,1812473.44,1916422.19
2019-04-18,4085.11,4094.05,4072.08,4056.24,1465621.25,-15.16,-0.37,4041.85,4048.757,3945.652,1694957.77,1922089.47,1939179.89
2019-04-17,4080.72,4106.62,4087.24,4057.5,1803671.12,1.45,0.04,4026.95,4043.765,3933.82,1739932.8,2007444.72,1953714.87
2019-04-16,3958.1,4085.79,4085.79,3943.49,2020419.62,110.27,2.77,4026.672,4032.17,3921.156,1768573.8,2053077.96,1954394.87
2019-04-15,4056.49,4085.39,3975.52,3974.23,1826455.75,-13.1,-0.33,4024.6,4020.984,3909.454,1730403.5,2122418.7,1961837.91
2019-04-12,3986.78,4006.93,3988.62,3961.46,1358621.12,-8.96,-0.22,4040.942,4010.666,3897.929,1900123.5,2155412.22,1958102.4
2019-04-11,4083.46,4097.12,3997.58,3990.24,1690496.38,-88.27,-2.16,4055.664,3984.644,3883.422,2149221.17,2152822.24,1985579.96
2019-04-10,4062.44,4115.38,4085.85,4035.47,1946876.12,10.42,0.26,4060.58,3959.225,3869.753,2274956.65,2122531.05,2017896.27
2019-04-09,4063.81,4084.24,4075.43,4038.28,1829568.12,18.2,0.45,4037.668,3920.684,3853.228,2337582.12,2100890.01,2058015.65
2019-04-08,4097.1,4122.6,4057.23,4017.49,2675055.75,-5.0,-0.12,4017.368,3887.424,3835.954,2514433.9,2116519.53,2081993.68
2019-04-04,4039.74,4072.11,4062.23,4021.71,2604109.5,40.07,1.0,3980.39,3865.081,3815.971,2410700.95,2020370.94,2107235.93
2019-04-03,3947.87,4026.5,4022.16,3939.78,2319173.75,50.87,1.28,3913.624,3842.547,3803.302,2156423.3,1956270.3,2141953.73
2019-04-02,3986.34,3988.1,3971.29,3956.51,2260003.5,-2.64,-0.07,3857.87,3823.875,3794.599,1970105.45,1899985.01,2185033.73
2019-04-01,3901.17,3982.91,3973.93,3901.17,2713827.0,101.59,2.62,3803.7,3810.142,3786.835,1864197.9,1855711.78,2187460.14
2019-03-29,3739.77,3876.38,3872.34,3739.77,2156391.0,143.94,3.86,3757.48,3797.924,3777.843,1718605.15,1801257.13,2213513.86
2019-03-28,3731.06,3755.72,3728.4,3710.08,1332721.25,-14.99,-0.4,3749.772,3785.191,3771.712,1630040.93,1760792.58,2208049.81
2019-03-27,3724.41,3750.26,3743.39,3703.45,1387584.5,42.95,1.16,3771.47,3782.2,3768.76,1756117.3,1818337.69,2233818.86
2019-03-26,3766.53,3770.84,3700.44,3687.55,1730465.75,-42.39,-1.13,3789.88,3780.28,3765.51,1829864.58,1913261.49,2307557.63
2019-03-25,3776.44,3807.18,3742.83,3741.61,1985863.25,-90.97,-2.37,3816.584,3785.771,3764.723,1847225.65,2015141.29,2400053.69
2019-03-22,3838.13,3845.58,3833.8,3786.59,1713569.88,-3.09,-0.08,3838.368,3784.483,3764.055,1883909.1,2047467.84,2472039.09
2019-03-21,3840.28,3864.07,3836.89,3823.47,1963103.12,1.45,0.04,3820.61,3766.861,3748.371,1891544.22,2194100.93,2479979.59
2019-03-20,3825.34,3855.15,3835.44,3790.51,1756320.88,1.48,0.04,3792.93,3764.057,3728.662,1880558.08,2327637.16,2471896.08
2019-03-19,3856.59,3868.34,3833.96,3815.22,1817271.12,-17.79,-0.46,3770.68,3765.322,3709.487,1996658.4,2470082.45,2457775.19
2019-03-18,3753.64,3851.75,3851.75,3733.68,2169280.5,106.74,2.85,3754.958,3763.527,3689.769,2183056.93,2519208.51,2456453.53
2019-03-15,3713.94,3782.24,3745.01,3713.94,1751745.5,46.52,1.26,3730.598,3757.762,3669.469,2211026.58,2625770.59,2439432.54
2019-03-14,3710.29,3747.82,3698.49,3673.85,1908172.38,-25.7,-0.69,3713.112,3758.232,3649.153,2496657.63,2655307.04,2423679.57
2019-03-13,3758.71,3763.09,3724.19,3708.81,2336822.5,-31.16,-0.83,3735.184,3755.32,3634.336,2774716.25,2649300.03,2403834.59
2019-03-12,3758.32,3804.72,3755.35,3723.68,2749263.75,25.4,0.68,3759.964,3750.74,3617.978,2943506.5,2701853.78,2368907.64
2019-03-11,3663.98,3731.91,3729.95,3650.81,2309128.75,72.37,1.98,3772.096,3743.674,3596.727,2855360.1,2784966.1,2292560.68
2019-03-08,3721.4,3774.54,3657.58,3656.19,3179900.75,-151.27,-3.97,3784.926,3743.627,3575.553,3040514.6,2896610.35,2226513.46
2019-03-07,3841.15,3845.18,3808.85,3778.8,3298465.5,-39.24,-1.02,3803.352,3729.881,3555.044,2813956.45,2765858.25,2108528.24
2019-03-06,3822.86,3855.16,3848.09,3787.52,3180773.75,32.08,0.84,3775.456,3693.267,3524.683,2523883.8,2616154.99,1986728.89
2019-03-05,3785.38,3816.16,3816.01,3770.79,2308531.75,21.91,0.58,3741.516,3653.651,3490.703,2460201.05,2445467.93,1859563.46
2019-03-04,3783.04,3886.58,3794.1,3764.78,3234901.25,44.39,1.18,3715.252,3616.011,3459.601,2714572.1,2393698.54,1782966.04
2019-03-01,3699.22,3749.71,3749.71,3668.77,2047110.0,80.34,2.19,3702.328,3581.175,3429.085,2752706.1,2253094.5,1662532.19
2019-02-28,3675.26,3695.46,3669.37,3650.05,1848102.25,-9.02,-0.24,3656.41,3540.074,3400.823,2717760.05,2192052.1,1602160.56
2019-02-27,3682.81,3737.63,3678.39,3638.33,2862360.0,-6.3,-0.17,3611.078,3513.351,3375.293,2708426.18,2158369.16,1546222.76
2019-02-26,3734.71,3762.11,3684.69,3679.27,3580387.0,-44.79,-1.2,3565.786,3485.215,3348.426,2430734.8,2035961.5,1433040.0
2019-02-25,3575.85,3729.48,3729.48,3574.69,3425571.25,209.36,5.95,3516.77,3449.78,3321.358,2072824.98,1800155.26,1290515.91
2019-02-22,3439.38,3520.12,3520.12,3417.98,1872379.75,77.41,2.25,3460.022,3407.479,3294.166,1753482.9,1556416.57,1166194.86
2019-02-21,3450.14,3500.25,3442.71,3431.63,1801432.88,-9.22,-0.27,3423.738,3380.207,3276.568,1666344.15,1451198.24,1124557.79
2019-02-20,3449.93,3463.77,3451.93,3421.51,1473903.12,12.32,0.36,3415.624,3356.099,3260.004,1608312.15,1357302.79,1074573.58
2019-02-19,3454.72,3480.79,3439.61,3419.07,1790837.88,-6.13,-0.18,3404.644,3327.754,3243.84,1641188.2,1273659.0,1040985.6
2019-02-18,3366.42,3445.74,3445.74,3366.42,1828860.88,107.04,3.21,3382.79,3303.19,3228.259,1527485.55,1172233.54,995830.19
2019-02-15,3391.24,3395.03,3338.7,3335.87,1436686.0,-63.44,-1.86,3354.936,3276.994,3209.361,1359350.24,1071969.88,937447.99
2019-02-14,3392.85,3415.4,3402.14,3381.98,1511272.88,5.11,0.15,3336.676,3261.571,3197.165,1236052.33,1012269.01,901506.9
2019-02-13,3337.78,3405.58,3397.03,3329.14,1638283.38,66.69,2.0,3296.574,3237.235,3180.692,1106293.43,934076.36,868579.14
2019-02-12,3306.35,3335.36,3330.34,3298.63,1222324.62,23.87,0.72,3250.864,3211.637,3164.765,906129.79,830118.5,840347.14
2019-02-11,3239.81,3307.06,3306.47,3239.81,988184.31,59.07,1.82,3223.59,3192.935,3150.633,816981.53,780876.56,822316.21
2019-02-01,3225.73,3247.5,3247.4,3207.72,820196.44,45.77,1.43,3199.052,3180.852,3138.024,784589.53,775973.16,823489.17
2019-01-31,3182.7,3216.07,3201.63,3178.01,862478.38,33.15,1.05,3186.466,3172.929,3127.448,788485.7,797917.34,834138.83
2019-01-30,3181.66,3202.9,3168.48,3167.89,637465.19,-25.49,-0.8,3177.896,3163.908,3115.608,761859.3,791844.38,826448.47
2019-01-29,3177.26,3200.99,3193.97,3148.23,776583.31,10.19,0.32,3172.41,3159.925,3105.661,754107.21,808312.2,828906.72
2019-01-28,3203.12,3228.87,3183.78,3174.72,826224.31,-0.69,-0.02,3162.28,3153.327,3096.495,744771.6,819426.83,825604.44
2019-01-25,3165.18,3203.17,3184.47,3164.41,839677.31,25.69,0.81,3162.652,3141.727,3086.832,767356.79,802926.1,824564.12
2019-01-24,3146.6,3165.63,3158.78,3125.3,729346.38,17.73,0.56,3159.392,3132.758,3077.71,807348.99,790744.79,810403.77
2019-01-23,3136.1,3157.63,3141.05,3131.87,598704.75,-2.27,-0.07,3149.92,3124.149,3070.635,821829.45,803081.91,813281.16
2019-01-22,3181.95,3181.95,3143.32,3135.34,729905.25,-42.32,-1.33,3147.44,3117.892,3065.492,862517.19,850575.79,811995.73
2019-01-21,3170.88,3199.21,3185.64,3170.88,939150.25,17.47,0.55,3144.374,3108.33,3059.796,894082.06,863755.85,813879.52
2019-01-18,3124.5,3171.69,3168.17,3120.35,1039638.31,56.75,1.82,3120.802,3095.196,3053.885,838495.41,871005.18,801796.74
2019-01-17,3132.63,3141.71,3111.42,3110.06,801748.69,-17.23,-0.55,3106.124,3081.966,3050.033,774140.6,870360.33,777575.97
2019-01-16,3126.13,3135.01,3128.65,3117.29,802143.44,0.66,0.02,3098.378,3067.308,3050.884,784334.37,861052.56,769398.7
2019-01-15,3071.52,3129.37,3127.99,3064.67,887729.62,60.21,1.96,3088.344,3051.397,3052.511,838634.39,849501.23,762540.03
2019-01-14,3092.5,3097.41,3067.78,3064.38,661217.0,-27.0,-0.87,3072.286,3039.663,3054.407,833429.64,831782.05,760304.17
2019-01-11,3082.26,3102.83,3094.78,3071.03,717864.25,22.09,0.72,3069.59,3031.936,3062.003,903514.95,846202.14,772464.7
2019-01-10,3077.48,3092.54,3072.69,3062.57,852717.56,-5.79,-0.19,3057.808,3022.661,3065.794,966580.05,830062.74,763226.44
2019-01-09,3065.23,3117.96,3078.48,3062.85,1073643.5,30.78,1.01,3036.238,3017.12,3070.151,937770.74,823480.41,747202.5
2019-01-08,3049.87,3055.51,3047.7,3038.53,861705.88,-6.6,-0.22,3014.45,3013.092,3073.465,860368.08,773415.68,725238.97
2019-01-07,3055.15,3061.75,3054.3,3035.91,1011643.56,18.43,0.61,3007.04,3011.262,3080.158,830134.46,764003.19,708834.63
2019-01-04,2940.19,3036.81,3035.87,2935.83,1033189.75,71.03,2.4,2994.282,3012.574,3086.526,788889.33,732588.29,696416.84
2019-01-03,2963.02,3000.44,2964.84,2953.25,708671.0,-4.7,-0.16,2987.514,3018.1,3097.333,693545.44,684791.62,682833.88
2019-01-02,3017.07,3018.78,2969.54,2958.49,686630.19,-41.11,-1.36,2998.002,3034.459,3112.476,709190.09,677744.84,687107.85
2018-12-28,2994.8,3024.35,3010.65,2984.82,710537.81,20.14,0.67,3011.734,3053.625,3127.047,686463.27,675578.82,713519.92
2018-12-27,3042.95,3047.23,2990.51,2990.51,805417.88,-11.52,-0.38,3015.484,3069.151,3135.149,697871.91,688826.29,713453.55
2018-12-26,3012.87,3029.06,3002.03,2996.48,556470.31,-15.25,-0.51,3030.866,3092.069,3142.506,676287.26,698727.26,713431.89
2018-12-25,3006.88,3030.14,3017.28,2964.88,786894.25,-20.92,-0.69,3048.686,3108.927,3151.351,676037.8,696390.14,723049.35
2018-12-24,3015.5,3040.35,3038.2,3007.33,572996.12,8.8,0.29,3070.916,3123.181,3157.349,646299.59,670924.59,711408.56
2018-12-21,3055.33,3057.4,3029.4,3007.61,767581.0,-38.02,-1.24,3095.516,3133.837,3162.501,664694.37,677062.26,712448.32
2018-12-20,3083.54,3097.72,3067.42,3044.29,697494.62,-23.71,-0.77,3122.818,3149.053,3168.205,679780.67,653666.08,716388.4
2018-12-19,3133.74,3137.01,3091.13,3086.76,555223.0,-37.3,-1.19,3153.272,3160.478,3175.555,721167.26,660245.39,714062.81
2018-12-18,3139.95,3165.0,3128.43,3114.47,638203.19,-32.77,-1.04,3169.168,3176.565,3182.323,716742.49,680876.14,728361.53
2018-12-17,3158.28,3167.51,3161.2,3134.37,664970.06,-4.71,-0.15,3175.446,3190.493,3186.822,695549.6,696470.86,751131.94
2018-12-14,3207.35,3210.72,3165.91,3165.91,843012.5,-53.78,-1.67,3172.158,3200.468,3193.492,689430.14,751461.01,775861.74
2018-12-13,3178.89,3234.08,3219.69,3169.42,904427.56,49.08,1.55,3175.288,3201.146,3198.08,627551.49,738080.81,797149.53
2018-12-12,3181.57,3182.21,3170.61,3160.28,533099.12,10.79,0.34,3167.684,3192.942,3199.214,599323.51,728136.52,801207.56
2018-12-11,3148.23,3161.96,3159.82,3143.61,532238.75,15.06,0.48,3183.962,3193.774,3200.931,645009.79,749708.56,831456.93
2018-12-10,3153.52,3170.15,3144.76,3134.38,634372.75,-36.8,-1.16,3205.54,3191.516,3204.809,697392.11,751892.52,868091.73
2018-12-07,3187.49,3193.82,3181.56,3176.71,533619.25,-0.11,-0.0,3228.778,3191.164,3207.828,813491.89,747834.38,880404.29
2018-12-06,3218.11,3223.52,3181.67,3179.89,763287.69,-70.33,-2.16,3227.004,3187.356,3207.122,848610.13,779110.71,895864.71
2018-12-05,3224.26,3266.9,3252.0,3219.98,761530.5,-15.71,-0.48,3218.2,3190.632,3208.677,856949.53,767880.24,895907.59
2018-12-04,3256.23,3267.94,3267.71,3243.7,794150.38,6.76,0.21,3203.586,3188.081,3207.172,854407.34,775846.91,903638.83
2018-12-03,3260.69,3273.64,3260.95,3228.36,1214871.62,88.26,2.78,3177.492,3183.151,3205.944,806392.92,805793.03,905865.88
2018-11-30,3136.2,3175.15,3172.69,3132.42,709210.44,35.04,1.12,3153.55,3186.516,3206.039,682176.88,800262.46,899975.64
2018-11-29,3198.83,3204.86,3137.65,3137.65,804984.69,-41.28,-1.3,3147.708,3195.014,3211.917,709611.3,856218.26,941248.17
2018-11-28,3137.75,3179.41,3178.93,3126.62,748819.56,41.69,1.33,3163.064,3205.486,3213.886,678810.95,874278.6,967325.62
2018-11-27,3152.77,3162.01,3137.24,3126.29,554078.31,-4.0,-0.13,3172.576,3208.087,3212.63,697286.49,913205.31,985488.37
2018-11-26,3148.67,3169.44,3141.24,3131.64,593791.38,-2.24,-0.07,3188.81,3218.101,3211.281,805193.13,984290.94,1015819.5
2018-11-23,3208.59,3212.2,3143.48,3139.39,846382.56,-70.95,-2.21,3219.482,3224.491,3208.064,918348.05,1012974.19,1032049.83
2018-11-22,3232.97,3235.45,3214.43,3199.7,650982.94,-12.06,-0.37,3242.32,3226.887,3209.572,1002825.21,1012618.7,1040380.38
2018-11-21,3187.1,3230.26,3226.49,3185.24,841197.25,8.08,0.25,3247.908,3226.721,3208.566,1069746.25,1023934.94,1061307.14
2018-11-20,3268.08,3278.78,3218.41,3213.68,1093611.5,-76.19,-2.31,3243.598,3226.263,3206.651,1129124.12,1031430.74,1074702.15
2018-11-19,3258.79,3294.6,3294.6,3251.07,1159566.0,36.93,1.13,3247.392,3228.737,3204.902,1163388.75,1005938.73,1080528.19
2018-11-16,3242.88,3282.39,3257.67,3223.72,1268768.38,15.3,0.47,3229.5,3225.561,3203.686,1107600.34,999688.82,1095480.92
2018-11-15,3201.28,3242.38,3242.37,3198.78,985588.12,37.43,1.17,3211.454,3228.819,3197.55,1022412.18,1026278.08,1081462.34
2018-11-14,3233.64,3239.24,3204.94,3200.23,1138086.62,-32.44,-1.0,3205.534,3222.285,3187.651,978123.64,1060372.64,1069068.92
2018-11-13,3164.92,3254.77,3237.38,3161.1,1264934.62,32.24,1.01,3208.928,3217.173,3183.316,933737.36,1057771.43,1050583.16
2018-11-12,3160.25,3206.51,3205.14,3152.44,880623.94,37.7,1.19,3210.082,3204.461,3176.496,848488.71,1047348.07,1021780.29
2018-11-09,3193.3,3193.3,3167.44,3166.31,842827.62,-45.33,-1.41,3221.622,3191.636,3172.561,891777.3,1051125.46,1012551.6
2018-11-08,3251.73,3253.57,3212.77,3207.71,764145.38,-9.14,-0.28,3246.184,3192.256,3172.726,1030143.98,1068142.06,1019715.8
2018-11-07,3243.88,3270.5,3221.91,3218.42,916155.25,-21.24,-0.66,3239.036,3190.41,3168.293,1142621.65,1098679.33,1041979.2
2018-11-06,3254.98,3254.98,3243.15,3213.9,838691.38,-19.69,-0.6,3225.418,3187.039,3171.277,1181805.5,1117973.56,1028417.85
2018-11-05,3269.47,3279.88,3262.84,3230.36,1097066.88,-27.41,-0.83,3198.84,3181.067,3173.554,1246207.43,1155117.66,1019844.92
2018-11-02,3258.61,3290.25,3290.25,3222.44,1534661.0,113.22,3.56,3161.65,3181.81,3174.957,1210473.63,1191273.02,1013936.07
2018-11-01,3185.2,3217.8,3177.03,3173.1,1326533.75,23.21,0.74,3138.328,3166.28,3182.388,1106140.14,1136646.61,979391.9
2018-10-31,3116.66,3168.92,3153.82,3106.03,1112074.5,43.56,1.4,3141.784,3153.016,3193.716,1054737.01,1077765.2,947947.83
2018-10-30,3061.93,3146.63,3110.26,3050.77,1160701.0,33.37,1.08,3148.66,3149.459,3206.887,1054141.61,1043394.89,938930.78
2018-10-29,3157.49,3158.81,3076.89,3062.58,918397.88,-96.75,-3.05,3163.294,3148.53,3220.364,1064027.89,996212.51,915423.07
2018-10-26,3204.28,3218.1,3173.64,3151.92,1012993.56,-20.67,-0.65,3201.97,3153.486,3237.044,1172072.41,973977.75,923711.18
2018-10-25,3107.84,3197.32,3194.31,3099.89,1069518.12,6.11,0.19,3194.232,3153.195,3243.868,1167153.08,971289.54,905342.03
2018-10-24,3169.46,3245.4,3188.2,3164.29,1109097.5,4.77,0.15,3164.248,3146.175,3249.777,1100793.39,985279.07,896451.46
2018-10-23,3273.13,3276.02,3183.43,3163.57,1210132.38,-86.84,-2.65,3150.258,3155.515,3253.838,1032648.17,938862.14,876209.1
2018-10-22,3159.56,3297.38,3270.27,3159.56,1458620.5,135.32,4.32,3133.766,3166.041,3254.913,928397.13,884572.18,841832.26
2018-10-19,3017.75,3137.75,3134.95,3009.5,988396.88,90.56,2.98,3105.002,3168.104,3253.504,775883.08,836599.12,798966.55
2018-10-18,3097.79,3097.79,3044.39,3043.38,737719.69,-73.86,-2.37,3112.158,3198.495,3258.585,775426.0,822137.18,783191.87
2018-10-17,3140.68,3149.13,3118.25,3062.55,768371.38,17.28,0.56,3128.102,3234.415,3266.466,869764.74,818130.46,773619.83
2018-10-16,3128.58,3166.09,3100.97,3089.37,688877.19,-25.48,-0.81,3160.772,3264.314,3271.764,845076.11,834466.66,764446.92
2018-10-15,3173.85,3183.13,3126.45,3120.23,696050.25,-44.28,-1.4,3198.316,3292.197,3278.219,840747.23,834633.64,761911.58
2018-10-12,3123.37,3184.12,3170.73,3094.97,986111.5,46.62,1.49,3231.206,3320.601,3285.779,897315.15,873444.61,759082.77
2018-10-11,3179.54,3209.52,3124.11,3099.04,1209413.38,-157.49,-4.8,3284.832,3334.541,3290.386,868848.36,839394.52,740927.34
2018-10-10,3295.43,3315.73,3281.6,3256.58,644928.25,-7.09,-0.22,3340.728,3353.378,3299.088,766496.18,807623.85,712607.62
2018-10-09,3290.17,3309.8,3288.69,3276.13,667232.75,-2.21,-0.07,3367.856,3352.161,3303.203,823857.21,813556.06,713905.61
2018-10-08,3361.56,3364.46,3290.9,3285.25,978889.88,-147.96,-4.3,3386.078,3343.784,3304.859,828520.05,799092.34,713758.9
2018-09-28,3409.96,3444.99,3438.86,3404.7,843777.56,35.27,1.04,3409.996,3338.903,3307.039,849574.08,761333.99,702917.22
2018-09-27,3415.95,3423.71,3403.59,3394.73,697652.44,-13.65,-0.4,3384.25,3318.674,3302.651,809940.68,744246.56,694920.99
2018-09-26,3388.56,3448.26,3417.24,3383.24,931733.44,37.44,1.11,3366.028,3298.517,3301.8,848751.53,729109.21,693548.57
2018-09-25,3375.97,3394.38,3379.8,3367.03,690546.94,-30.69,-0.9,3336.466,3279.214,3300.946,803254.91,694427.17,684684.58
2018-09-21,3320.7,3410.49,3410.49,3307.77,1084160.0,100.36,3.03,3301.49,3264.241,3302.285,769664.62,689189.53,697292.27
2018-09-20,3314.88,3332.31,3310.13,3303.07,645610.56,-2.35,-0.07,3267.81,3250.956,3298.027,673093.9,644720.94,674967.22
2018-09-19,3262.0,3335.99,3312.48,3258.31,891706.69,43.05,1.32,3253.098,3246.231,3298.522,678552.43,642460.17,673242.86
2018-09-18,3193.64,3270.11,3269.43,3193.64,704250.38,64.51,2.01,3231.006,3244.797,3298.295,609466.9,617591.39,654051.05
2018-09-17,3224.93,3230.79,3204.92,3200.51,522595.47,-37.17,-1.15,3221.962,3254.244,3301.156,585599.43,614255.15,656441.32
2018-09-14,3242.83,3254.1,3242.09,3227.94,601306.38,5.52,0.17,3226.992,3265.934,3304.273,608714.44,628425.46,665763.66
2018-09-13,3239.69,3249.59,3236.57,3191.4,672903.25,34.55,1.08,3234.102,3275.175,3303.649,616347.97,644500.46,669396.05
2018-09-12,3216.99,3225.6,3202.02,3194.98,546279.0,-22.19,-0.69,3239.364,3286.627,3305.657,606367.9,645595.42,674024.57
2018-09-11,3229.71,3245.62,3224.21,3209.11,584913.06,-5.86,-0.18,3258.588,3305.082,3310.155,625715.88,657987.93,680797.65
2018-09-10,3271.38,3277.88,3230.07,3227.85,638170.5,-47.57,-1.45,3286.526,3322.678,3317.59,642910.88,674941.98,681877.72
2018-09-07,3273.89,3316.61,3277.64,3253.73,639474.06,14.76,0.45,3304.876,3340.328,3325.604,648136.49,705395.01,688064.96
2018-09-06,3286.66,3311.5,3262.88,3253.76,623002.88,-35.26,-1.07,3316.248,3345.097,3331.973,672652.94,705213.51,690574.91
2018-09-05,3349.7,3354.2,3298.14,3298.14,643018.88,-65.76,-1.96,3333.89,3350.812,3338.705,684822.94,704025.55,705403.55
2018-09-04,3324.19,3370.96,3363.9,3307.96,670888.06,42.08,1.27,3351.576,3351.793,3339.524,690259.97,690510.72,712895.04
2018-09-03,3320.69,3325.61,3321.82,3291.78,664298.56,-12.68,-0.38,3358.83,3348.068,3339.772,706973.09,698627.49,725242.59
2018-08-31,3333.38,3356.58,3334.5,3310.87,762056.31,-16.59,-0.49,3375.78,3342.611,3337.345,762653.54,703101.86,731015.21
2018-08-30,3385.81,3402.56,3351.09,3349.47,683852.88,-35.48,-1.05,3373.946,3332.123,3336.384,737774.07,694291.64,728310.85
2018-08-29,3393.05,3398.71,3386.57,3377.12,670204.06,-13.6,-0.4,3367.734,3324.687,3337.377,723228.16,702453.72,744772.56
2018-08-28,3408.15,3416.59,3400.17,3388.81,754453.62,-6.4,-0.19,3352.01,3315.228,3340.418,690761.46,703607.37,756436.67
2018-08-27,3339.39,3406.57,3406.57,3339.26,942700.81,81.24,2.44,3337.306,3312.502,3346.293,690281.9,688813.46,752704.4
2018-08-24,3308.48,3353.04,3325.33,3291.87,637659.0,5.3,0.16,3309.442,3310.879,3351.718,643550.19,670734.91,746627.86
2018-08-23,3308.46,3336.11,3320.03,3285.81,611123.31,12.08,0.36,3290.3,3318.848,3361.513,650809.21,675936.31,749833.96
2018-08-22,3328.97,3328.97,3307.95,3299.39,507870.56,-18.7,-0.56,3281.64,3326.598,3372.324,681679.29,706781.55,764452.62
2018-08-21,3271.84,3331.71,3326.65,3270.03,752055.81,59.4,1.82,3278.446,3327.254,3385.814,716453.29,735279.36,787438.34
2018-08-20,3238.22,3267.25,3267.25,3209.01,709042.25,37.63,1.17,3287.698,3331.476,3398.567,687345.01,751857.69,828291.77
2018-08-17,3305.9,3311.57,3229.62,3224.1,673954.12,-47.11,-1.44,3312.316,3332.078,3411.492,697919.62,758928.55,852357.97
2018-08-16,3251.86,3315.2,3276.73,3231.56,765473.69,-15.25,-0.46,3347.396,3340.644,3424.656,701063.4,762330.05,869652.62
2018-08-15,3371.96,3372.14,3291.98,3288.71,681740.56,-80.93,-2.4,3371.556,3350.067,3432.236,731883.81,787091.41,865617.8
2018-08-14,3386.48,3391.73,3372.91,3356.61,606514.44,-17.43,-0.51,3376.062,3365.608,3439.203,754105.42,809265.97,864795.93
2018-08-13,3369.98,3396.19,3390.34,3336.7,761915.31,-14.68,-0.43,3375.254,3380.083,3443.027,816370.37,816595.34,865461.75
2018-08-10,3398.41,3424.04,3405.02,3380.57,689673.0,7.49,0.22,3351.84,3392.557,3447.114,819937.47,822520.81,861506.98
2018-08-09,3303.48,3408.39,3397.53,3299.62,919575.75,83.02,2.5,3333.892,3404.178,3451.498,823596.7,823731.61,863501.28
2018-08-08,3362.15,3368.16,3314.51,3311.77,792848.62,-54.36,-1.61,3328.578,3418.05,3455.674,842299.0,822123.68,865699.28
2018-08-07,3284.98,3368.96,3368.87,3263.5,917839.19,95.6,2.92,3355.154,3444.374,3460.325,864426.51,839597.32,862077.32
2018-08-06,3312.82,3344.25,3273.27,3257.69,779750.81,-42.01,-1.27,3384.912,3465.658,3465.258,816820.31,904725.84,850959.78
2018-08-03,3366.66,3381.34,3315.28,3315.2,707969.12,-55.68,-1.65,3433.274,3490.906,3474.553,825104.14,945787.38,850273.01
2018-08-02,3434.35,3434.35,3370.96,3322.1,1013087.25,-76.43,-2.22,3474.464,3508.667,3477.045,823866.53,976975.2,857923.34
2018-08-01,3530.03,3543.61,3447.39,3446.78,903486.19,-70.27,-2.0,3507.522,3514.405,3475.619,801948.36,944144.19,848062.97
2018-07-31,3510.47,3528.15,3517.66,3493.15,679808.19,2.58,0.07,3533.594,3512.798,3471.437,814768.13,920325.9,840467.66
2018-07-30,3520.85,3550.9,3515.08,3489.55,821169.94,-6.15,-0.17,3546.404,3505.97,3466.018,992631.36,914328.16,854116.6
2018-07-27,3533.77,3545.41,3521.23,3512.7,701781.06,-15.02,-0.42,3548.538,3501.671,3460.662,1066470.63,900493.16,855233.83
2018-07-26,3583.32,3593.92,3536.25,3528.64,903496.44,-41.5,-1.16,3542.87,3498.817,3460.15,1130083.86,903270.96,858773.29
2018-07-25,3589.51,3589.98,3577.75,3566.31,967585.0,-3.96,-0.11,3521.288,3493.298,3454.514,1086340.01,909274.88,851557.49
2018-07-24,3530.66,3596.51,3581.71,3530.66,1569124.38,55.96,1.59,3492.002,3476.276,3448.589,1025883.68,884557.33,843924.15
2018-07-23,3471.86,3527.53,3525.75,3464.65,1190366.25,32.86,0.94,3465.536,3464.857,3446.059,836024.95,797193.71,807960.57
2018-07-20,3426.46,3505.93,3492.89,3398.95,1019847.25,64.55,1.88,3454.804,3458.2,3447.796,734515.7,754758.63,788380.79
2018-07-19,3444.8,3466.51,3428.34,3417.96,684777.19,-2.98,-0.09,3454.764,3445.423,3453.596,676458.05,738871.49,774947.36
2018-07-18,3456.61,3479.26,3431.32,3430.16,665303.31,-18.06,-0.52,3465.308,3436.833,3461.828,732209.74,751981.75,787662.77
2018-07-17,3466.42,3467.19,3449.38,3420.97,619830.75,-22.71,-0.65,3460.55,3430.076,3472.034,743230.97,760609.42,797756.66
2018-07-16,3488.97,3506.24,3472.09,3459.73,682820.0,-20.6,-0.59,3464.178,3426.066,3480.621,758362.47,793905.04,847118.39
2018-07-13,3488.5,3499.76,3492.69,3474.91,729559.0,11.63,0.33,3461.596,3419.653,3494.688,775001.56,809974.49,855721.84
2018-07-12,3403.33,3499.1,3481.06,3403.33,963535.62,73.53,2.16,3436.082,3421.482,3508.722,801284.92,814275.62,853479.55
2018-07-11,3398.93,3427.57,3407.53,3375.14,720409.5,-59.99,-1.73,3408.358,3415.729,3524.086,771753.76,793840.11,838491.75
2018-07-10,3464.91,3474.14,3467.52,3437.27,695488.25,8.34,0.24,3399.602,3420.902,3545.007,777987.86,803290.98,839074.4
2018-07-09,3378.91,3459.32,3459.18,3378.91,766015.44,94.06,2.79,3387.954,3427.261,3560.63,829447.6,818727.42,838654.9
2018-07-06,3347.06,3396.25,3365.12,3295.73,860975.81,22.68,0.68,3377.71,3437.391,3576.652,844947.41,822002.95,842022.8
2018-07-05,3365.55,3398.49,3342.44,3330.71,815879.81,-21.31,-0.63,3406.882,3461.769,3599.946,827266.31,811023.23,839102.09
2018-07-04,3398.78,3418.33,3363.75,3359.09,751580.0,-45.53,-1.33,3423.1,3486.822,3624.692,815926.45,823343.8,834866.71
2018-07-03,3410.48,3422.04,3409.28,3319.29,952786.94,1.32,0.04,3442.202,3513.991,3648.77,828594.09,834903.9,836631.39
2018-07-02,3504.46,3506.9,3407.96,3383.5,843514.5,-103.02,-2.93,3466.568,3535.175,3668.685,808007.24,900331.74,827304.22
2018-06-29,3431.96,3512.38,3510.98,3425.22,772570.31,87.45,2.55,3497.072,3569.722,3686.817,799058.49,901469.19,824039.4
2018-06-28,3434.94,3477.06,3423.53,3416.95,759180.5,-35.73,-1.03,3516.656,3595.961,3701.387,794780.15,892683.48,831744.33
2018-06-27,3525.13,3537.66,3459.26,3441.79,814918.19,-71.85,-2.04,3550.544,3632.442,3716.379,830761.15,883143.4,837741.95
2018-06-26,3521.59,3541.78,3531.11,3478.21,849852.69,-29.37,-0.82,3585.78,3669.111,3733.616,841213.71,874857.83,837772.37
2018-06-25,3625.8,3631.03,3560.48,3559.03,798770.75,-48.42,-1.34,3603.782,3693.998,3748.724,992656.25,858582.39,831040.3
2018-06-22,3567.89,3609.08,3608.9,3542.46,751178.62,15.93,0.44,3642.372,3715.912,3761.525,1003879.89,862042.65,826519.96
2018-06-21,3633.56,3673.56,3592.97,3589.49,939085.5,-42.47,-1.17,3675.266,3738.123,3772.441,990586.81,867180.94,823133.54
2018-06-20,3602.55,3649.34,3635.44,3578.17,867181.0,14.32,0.4,3714.34,3762.561,3785.521,935525.65,846389.63,818040.43
2018-06-19,3702.67,3712.82,3621.12,3583.02,1607065.38,-132.31,-3.52,3752.442,3783.549,3799.06,908501.94,838358.89,812365.76
2018-06-15,3763.04,3780.34,3753.43,3737.43,854888.94,-19.94,-0.53,3784.214,3802.195,3814.066,724508.53,754276.7,778333.36
2018-06-14,3774.64,3808.16,3773.37,3759.25,684713.25,-14.97,-0.4,3789.452,3803.911,3821.547,720205.41,746609.61,771895.89
2018-06-13,3814.62,3817.45,3788.34,3782.07,663779.69,-37.61,-0.98,3800.98,3806.812,3826.081,743775.06,770805.18,767175.29
2018-06-12,3783.19,3830.47,3825.95,3765.26,732062.44,45.97,1.22,3810.782,3800.315,3831.306,757253.6,792340.5,769943.13
2018-06-11,3770.21,3792.55,3779.98,3756.51,687098.31,0.36,0.01,3814.656,3798.121,3836.214,768215.84,800686.92,771364.79
2018-06-08,3819.45,3819.46,3779.62,3759.27,833373.38,-51.39,-1.34,3820.176,3803.449,3842.679,784044.86,803498.22,777997.87
2018-06-07,3846.94,3859.85,3831.01,3827.69,802561.5,-6.34,-0.17,3818.37,3807.137,3845.998,773013.81,790997.27,775083.37
2018-06-06,3839.68,3848.33,3837.35,3830.9,731172.38,-7.97,-0.21,3812.644,3806.758,3846.831,797835.3,779086.14,773556.81
2018-06-05,3811.29,3845.56,3845.32,3800.93,786873.62,37.74,0.99,3789.848,3808.481,3847.388,827427.4,789691.23,776050.01
2018-06-04,3785.19,3813.41,3807.58,3776.62,766243.44,36.99,0.98,3781.586,3814.57,3847.518,833158.0,786372.64,775373.54
2018-06-01,3789.67,3802.54,3770.59,3753.84,778218.12,-31.79,-0.84,3786.722,3825.936,3850.18,822951.57,802390.03,775982.21
2018-05-31,3749.3,3804.79,3802.38,3742.53,926668.94,79.01,2.12,3795.904,3839.183,3855.865,808980.73,797182.18,775822.5
2018-05-30,3755.18,3767.89,3723.37,3722.07,879132.88,-80.64,-2.12,3800.872,3845.35,3859.979,760336.99,763545.41,764218.93
2018-05-29,3824.19,3841.78,3804.01,3800.67,815526.62,-29.25,-0.76,3827.114,3862.297,3871.363,751955.05,747545.76,754642.77
2018-05-28,3816.26,3846.55,3833.26,3799.32,715211.31,16.76,0.44,3847.554,3874.306,3877.486,739587.28,742042.66,749107.87
2018-05-25,3823.74,3841.12,3816.5,3804.13,708363.88,-10.72,-0.28,3865.15,3881.909,3881.909,781828.49,752497.53,752497.53
2018-05-24,3853.29,3859.1,3827.22,3823.92,683450.25,-27.36,-0.71,3882.462,3889.177,3889.177,785383.63,757401.26,757401.26
2018-05-23,3898.27,3898.27,3854.58,3854.58,837223.19,-51.63,-1.32,3889.828,3896.921,3896.921,766753.83,766645.14,766645.14
2018-05-22,3918.82,3918.82,3906.21,3881.17,753687.75,-15.03,-0.38,3897.48,3902.97,3902.97,743136.48,756562.56,756562.56
2018-05-21,3925.54,3937.46,3921.24,3913.6,926417.38,18.18,0.47,3901.058,3902.43,3902.43,744498.04,757041.7,757041.7
2018-05-18,3860.16,3903.06,3903.06,3841.9,726139.56,39.01,1.01,3898.668,3898.668,3898.668,723166.56,723166.56,723166.56
2018-05-17,3895.49,3899.51,3864.05,3858.85,590301.25,-28.79,-0.74,3897.57,3897.57,3897.57,722423.31,722423.31,722423.31
2018-05-16,3909.82,3923.34,3892.84,3889.19,719136.44,-31.26,-0.8,3908.743,3908.743,3908.743,766464.0,766464.0,766464.0
2018-05-15,3920.14,3924.34,3924.1,3892.92,760495.56,14.81,0.38,3916.695,3916.695,3916.695,790127.78,790127.78,790127.78
2018-05-14,3886.87,3919.3,3909.29,3886.87,819760.0,36.45,0.94,3909.29,3909.29,3909.29,819760.0,819760.0,819760.0
